-- MySQL dump 10.16  Distrib 10.1.19-MariaDB, for Win32 (AMD64)
--
-- Host: localhost    Database: localhost
-- ------------------------------------------------------
-- Server version	10.1.19-MariaDB

/*!40101 SET @OLD_CHARACTER_SET_CLIENT=@@CHARACTER_SET_CLIENT */;
/*!40101 SET @OLD_CHARACTER_SET_RESULTS=@@CHARACTER_SET_RESULTS */;
/*!40101 SET @OLD_COLLATION_CONNECTION=@@COLLATION_CONNECTION */;
/*!40101 SET NAMES utf8 */;
/*!40103 SET @OLD_TIME_ZONE=@@TIME_ZONE */;
/*!40103 SET TIME_ZONE='+00:00' */;
/*!40014 SET @OLD_UNIQUE_CHECKS=@@UNIQUE_CHECKS, UNIQUE_CHECKS=0 */;
/*!40014 SET @OLD_FOREIGN_KEY_CHECKS=@@FOREIGN_KEY_CHECKS, FOREIGN_KEY_CHECKS=0 */;
/*!40101 SET @OLD_SQL_MODE=@@SQL_MODE, SQL_MODE='NO_AUTO_VALUE_ON_ZERO' */;
/*!40111 SET @OLD_SQL_NOTES=@@SQL_NOTES, SQL_NOTES=0 */;

--
-- Table structure for table `airportlink`
--

DROP TABLE IF EXISTS `airportlink`;
/*!40101 SET @saved_cs_client     = @@character_set_client */;
/*!40101 SET character_set_client = utf8 */;
CREATE TABLE `airportlink` (
  `id` int(10) NOT NULL AUTO_INCREMENT,
  `name` varchar(100) DEFAULT NULL,
  PRIMARY KEY (`id`)
) ENGINE=InnoDB AUTO_INCREMENT=9 DEFAULT CHARSET=utf8;
/*!40101 SET character_set_client = @saved_cs_client */;

--
-- Dumping data for table `airportlink`
--

LOCK TABLES `airportlink` WRITE;
/*!40000 ALTER TABLE `airportlink` DISABLE KEYS */;
INSERT INTO `airportlink` VALUES (1,'Suvarnabhumi(Airport)'),(2,'Lat Krabang'),(3,'Ban Thap Chang'),(4,'Hua Mak'),(5,'Ramkhamhaeng'),(6,'Makkasan'),(7,'Ratcha-prarop'),(8,'Phaya Thai');
/*!40000 ALTER TABLE `airportlink` ENABLE KEYS */;
UNLOCK TABLES;

--
-- Table structure for table `airportlink_cost_station`
--

DROP TABLE IF EXISTS `airportlink_cost_station`;
/*!40101 SET @saved_cs_client     = @@character_set_client */;
/*!40101 SET character_set_client = utf8 */;
CREATE TABLE `airportlink_cost_station` (
  `origination` int(10) DEFAULT NULL,
  `destinantion` int(10) DEFAULT NULL,
  `cost` decimal(8,4) DEFAULT NULL
) ENGINE=InnoDB DEFAULT CHARSET=utf8;
/*!40101 SET character_set_client = @saved_cs_client */;

--
-- Dumping data for table `airportlink_cost_station`
--

LOCK TABLES `airportlink_cost_station` WRITE;
/*!40000 ALTER TABLE `airportlink_cost_station` DISABLE KEYS */;
INSERT INTO `airportlink_cost_station` VALUES (1,3,20.0000),(3,1,20.0000),(1,4,25.0000),(4,1,25.0000),(1,5,30.0000),(5,1,30.0000),(1,6,35.0000),(6,1,35.0000),(1,7,40.0000),(7,1,40.0000),(1,8,45.0000),(8,1,45.0000),(2,1,15.0000),(1,2,15.0000),(2,3,15.0000),(3,2,15.0000),(2,4,20.0000),(4,2,20.0000),(2,5,25.0000),(5,2,25.0000),(2,6,30.0000),(6,2,30.0000),(2,7,35.0000),(7,2,35.0000),(2,8,40.0000),(8,2,40.0000),(3,1,20.0000),(1,3,20.0000),(3,2,15.0000),(2,3,15.0000),(3,4,15.0000),(4,3,15.0000),(3,5,20.0000),(5,3,20.0000),(3,6,25.0000),(6,3,25.0000),(3,7,30.0000),(7,3,30.0000),(3,8,35.0000),(8,3,35.0000),(4,1,25.0000),(1,4,25.0000),(4,2,20.0000),(2,4,20.0000),(4,3,15.0000),(3,4,15.0000),(4,5,15.0000),(5,4,15.0000),(4,6,20.0000),(6,4,20.0000),(4,7,25.0000),(7,4,25.0000),(4,8,30.0000),(8,4,30.0000),(5,1,30.0000),(1,5,30.0000),(5,2,25.0000),(2,5,25.0000),(5,3,20.0000),(3,5,20.0000),(5,4,15.0000),(4,5,15.0000),(5,6,15.0000),(6,5,15.0000),(5,7,20.0000),(7,5,20.0000),(5,8,25.0000),(8,5,25.0000),(6,1,35.0000),(1,6,35.0000),(6,2,30.0000),(2,6,30.0000),(6,3,25.0000),(3,6,25.0000),(6,4,20.0000),(4,6,20.0000),(6,5,15.0000),(5,6,15.0000),(6,7,15.0000),(7,6,15.0000),(6,8,20.0000),(8,6,20.0000),(7,1,40.0000),(1,7,40.0000),(7,2,35.0000),(2,7,35.0000),(7,3,30.0000),(3,7,30.0000),(7,4,25.0000),(4,7,25.0000),(7,5,20.0000),(5,7,20.0000),(7,6,15.0000),(6,7,15.0000),(7,8,15.0000),(8,7,15.0000),(8,1,45.0000),(1,8,45.0000),(8,2,40.0000),(2,8,40.0000),(8,3,35.0000),(3,8,35.0000),(8,4,30.0000),(4,8,30.0000),(8,5,25.0000),(5,8,25.0000),(8,6,20.0000),(6,8,20.0000),(8,7,15.0000),(7,8,15.0000),(1,2,15.0000),(1,3,20.0000),(1,4,25.0000),(1,5,30.0000),(1,6,35.0000),(1,7,40.0000),(1,8,45.0000),(2,1,15.0000),(2,3,15.0000),(2,4,20.0000),(2,5,25.0000),(2,6,30.0000),(2,7,35.0000),(2,8,40.0000),(3,1,20.0000),(3,2,15.0000),(3,4,15.0000),(3,5,20.0000),(3,6,25.0000),(3,7,30.0000),(3,8,35.0000),(4,1,25.0000),(4,2,20.0000),(4,3,15.0000),(4,5,15.0000),(4,6,20.0000),(4,7,25.0000),(4,8,30.0000),(5,1,30.0000),(5,2,25.0000),(5,3,20.0000),(5,4,15.0000),(5,6,15.0000),(5,7,20.0000),(5,8,25.0000),(6,1,35.0000),(6,2,30.0000),(6,3,25.0000),(6,4,20.0000),(6,5,15.0000),(6,7,15.0000),(6,8,20.0000),(7,1,40.0000),(7,2,35.0000),(7,3,30.0000),(7,4,25.0000),(7,5,20.0000),(7,6,15.0000),(7,8,15.0000),(8,1,45.0000),(8,2,40.0000),(8,3,35.0000),(8,4,30.0000),(8,5,25.0000),(8,6,20.0000),(8,7,15.0000);
/*!40000 ALTER TABLE `airportlink_cost_station` ENABLE KEYS */;
UNLOCK TABLES;

--
-- Table structure for table `approve_action`
--

DROP TABLE IF EXISTS `approve_action`;
/*!40101 SET @saved_cs_client     = @@character_set_client */;
/*!40101 SET character_set_client = utf8 */;
CREATE TABLE `approve_action` (
  `id` int(11) NOT NULL AUTO_INCREMENT,
  `name` varchar(100) NOT NULL,
  PRIMARY KEY (`id`)
) ENGINE=InnoDB AUTO_INCREMENT=5 DEFAULT CHARSET=utf8;
/*!40101 SET character_set_client = @saved_cs_client */;

--
-- Dumping data for table `approve_action`
--

LOCK TABLES `approve_action` WRITE;
/*!40000 ALTER TABLE `approve_action` DISABLE KEYS */;
INSERT INTO `approve_action` VALUES (1,'Admin Approve'),(2,'Supervisor Approve'),(3,'Reject'),(4,'Paid');
/*!40000 ALTER TABLE `approve_action` ENABLE KEYS */;
UNLOCK TABLES;

--
-- Table structure for table `approves`
--

DROP TABLE IF EXISTS `approves`;
/*!40101 SET @saved_cs_client     = @@character_set_client */;
/*!40101 SET character_set_client = utf8 */;
CREATE TABLE `approves` (
  `id` int(11) NOT NULL AUTO_INCREMENT,
  `expense` int(11) NOT NULL,
  `user` int(11) NOT NULL,
  `action` int(11) NOT NULL,
  `Date` datetime NOT NULL DEFAULT CURRENT_TIMESTAMP ON UPDATE CURRENT_TIMESTAMP,
  PRIMARY KEY (`id`)
) ENGINE=InnoDB AUTO_INCREMENT=5 DEFAULT CHARSET=utf8;
/*!40101 SET character_set_client = @saved_cs_client */;

--
-- Dumping data for table `approves`
--

LOCK TABLES `approves` WRITE;
/*!40000 ALTER TABLE `approves` DISABLE KEYS */;
INSERT INTO `approves` VALUES (1,783,9,2,'2017-02-25 12:06:18'),(2,783,9,1,'2017-02-25 17:55:37'),(3,784,9,3,'2017-02-25 19:50:57'),(4,783,9,4,'2017-02-26 15:21:39');
/*!40000 ALTER TABLE `approves` ENABLE KEYS */;
UNLOCK TABLES;

--
-- Table structure for table `brt`
--

DROP TABLE IF EXISTS `brt`;
/*!40101 SET @saved_cs_client     = @@character_set_client */;
/*!40101 SET character_set_client = utf8 */;
CREATE TABLE `brt` (
  `id` int(10) NOT NULL AUTO_INCREMENT,
  `name` varchar(100) DEFAULT NULL,
  PRIMARY KEY (`id`)
) ENGINE=InnoDB AUTO_INCREMENT=13 DEFAULT CHARSET=utf8;
/*!40101 SET character_set_client = @saved_cs_client */;

--
-- Dumping data for table `brt`
--

LOCK TABLES `brt` WRITE;
/*!40000 ALTER TABLE `brt` DISABLE KEYS */;
INSERT INTO `brt` VALUES (1,'Sathorn'),(2,'Arkan Songkhro'),(3,'Technic Krungthep '),(4,'Chan Road'),(5,'Nara-Ram'),(6,'Wat Dan'),(7,'Wat Pariwat'),(8,'Wat Dok Mai'),(9,'Rama9 Bridge'),(10,'Charoen Rat'),(11,'Rama III Bridge '),(12,'Ratchaphruek');
/*!40000 ALTER TABLE `brt` ENABLE KEYS */;
UNLOCK TABLES;

--
-- Table structure for table `brt_cost_station`
--

DROP TABLE IF EXISTS `brt_cost_station`;
/*!40101 SET @saved_cs_client     = @@character_set_client */;
/*!40101 SET character_set_client = utf8 */;
CREATE TABLE `brt_cost_station` (
  `origination` int(10) DEFAULT NULL,
  `destinantion` int(10) DEFAULT NULL,
  `cost` decimal(8,4) DEFAULT NULL
) ENGINE=InnoDB DEFAULT CHARSET=utf8;
/*!40101 SET character_set_client = @saved_cs_client */;

--
-- Dumping data for table `brt_cost_station`
--

LOCK TABLES `brt_cost_station` WRITE;
/*!40000 ALTER TABLE `brt_cost_station` DISABLE KEYS */;
INSERT INTO `brt_cost_station` VALUES (1,2,5.0000),(2,1,5.0000),(1,3,5.0000),(3,1,5.0000),(1,4,5.0000),(4,1,5.0000),(1,5,5.0000),(5,1,5.0000),(1,6,5.0000),(6,1,5.0000),(1,7,5.0000),(7,1,5.0000),(1,8,10.0000),(8,1,10.0000),(1,9,10.0000),(9,1,10.0000),(1,10,10.0000),(10,1,10.0000),(1,11,10.0000),(11,1,10.0000),(1,12,10.0000),(12,1,10.0000),(2,1,5.0000),(1,2,5.0000),(2,3,5.0000),(3,2,5.0000),(2,4,5.0000),(4,2,5.0000),(2,5,5.0000),(5,2,5.0000),(2,6,5.0000),(6,2,5.0000),(2,7,5.0000),(7,2,5.0000),(2,8,10.0000),(8,2,10.0000),(2,9,10.0000),(9,2,10.0000),(2,10,10.0000),(10,2,10.0000),(2,11,10.0000),(11,2,10.0000),(2,12,10.0000),(12,2,10.0000),(3,1,5.0000),(1,3,5.0000),(3,2,5.0000),(2,3,5.0000),(3,4,5.0000),(4,3,5.0000),(3,5,5.0000),(5,3,5.0000),(3,6,5.0000),(6,3,5.0000),(3,7,5.0000),(7,3,5.0000),(3,8,10.0000),(8,3,10.0000),(3,9,10.0000),(9,3,10.0000),(3,10,10.0000),(10,3,10.0000),(3,11,10.0000),(11,3,10.0000),(3,12,10.0000),(12,3,10.0000),(4,1,5.0000),(1,4,5.0000),(4,2,5.0000),(2,4,5.0000),(4,3,5.0000),(3,4,5.0000),(4,5,5.0000),(5,4,5.0000),(4,6,5.0000),(6,4,5.0000),(4,7,5.0000),(7,4,5.0000),(4,8,10.0000),(8,4,10.0000),(4,9,10.0000),(9,4,10.0000),(4,10,10.0000),(10,4,10.0000),(4,11,10.0000),(11,4,10.0000),(4,12,10.0000),(12,4,10.0000),(5,1,5.0000),(1,5,5.0000),(5,2,5.0000),(2,5,5.0000),(5,3,5.0000),(3,5,5.0000),(5,4,5.0000),(4,5,5.0000),(5,6,5.0000),(6,5,5.0000),(5,7,5.0000),(7,5,5.0000),(5,8,10.0000),(8,5,10.0000),(5,9,10.0000),(9,5,10.0000),(5,10,10.0000),(10,5,10.0000),(5,11,10.0000),(11,5,10.0000),(5,12,10.0000),(12,5,10.0000),(6,1,5.0000),(1,6,5.0000),(6,2,5.0000),(2,6,5.0000),(6,3,5.0000),(3,6,5.0000),(6,4,5.0000),(4,6,5.0000),(6,5,5.0000),(5,6,5.0000),(6,7,5.0000),(7,6,5.0000),(6,8,10.0000),(8,6,10.0000),(6,9,10.0000),(9,6,10.0000),(6,10,10.0000),(10,6,10.0000),(6,11,10.0000),(11,6,10.0000),(6,12,10.0000),(12,6,10.0000),(7,1,10.0000),(1,7,10.0000),(7,2,10.0000),(2,7,10.0000),(7,3,10.0000),(3,7,10.0000),(7,4,10.0000),(4,7,10.0000),(7,5,10.0000),(5,7,10.0000),(7,6,5.0000),(6,7,5.0000),(7,8,5.0000),(8,7,5.0000),(7,9,5.0000),(9,7,5.0000),(7,10,5.0000),(10,7,5.0000),(7,11,5.0000),(11,7,5.0000),(7,12,5.0000),(12,7,5.0000),(8,1,10.0000),(1,8,10.0000),(8,2,10.0000),(2,8,10.0000),(8,3,10.0000),(3,8,10.0000),(8,4,10.0000),(4,8,10.0000),(8,5,10.0000),(5,8,10.0000),(8,6,5.0000),(6,8,5.0000),(8,7,5.0000),(7,8,5.0000),(8,9,5.0000),(9,8,5.0000),(8,10,5.0000),(10,8,5.0000),(8,11,5.0000),(11,8,5.0000),(8,12,5.0000),(12,8,5.0000),(9,1,10.0000),(1,9,10.0000),(9,2,10.0000),(2,9,10.0000),(9,3,10.0000),(3,9,10.0000),(9,4,10.0000),(4,9,10.0000),(9,5,10.0000),(5,9,10.0000),(9,6,5.0000),(6,9,5.0000),(9,7,5.0000),(7,9,5.0000),(9,8,5.0000),(8,9,5.0000),(9,10,5.0000),(10,9,5.0000),(9,11,5.0000),(11,9,5.0000),(9,12,5.0000),(12,9,5.0000),(10,1,10.0000),(1,10,10.0000),(10,2,10.0000),(2,10,10.0000),(10,3,10.0000),(3,10,10.0000),(10,4,10.0000),(4,10,10.0000),(10,5,10.0000),(5,10,10.0000),(10,6,5.0000),(6,10,5.0000),(10,7,5.0000),(7,10,5.0000),(10,8,5.0000),(8,10,5.0000),(10,9,5.0000),(9,10,5.0000),(10,11,5.0000),(11,10,5.0000),(10,12,5.0000),(12,10,5.0000),(11,1,10.0000),(1,11,10.0000),(11,2,10.0000),(2,11,10.0000),(11,3,10.0000),(3,11,10.0000),(11,4,10.0000),(4,11,10.0000),(11,5,10.0000),(5,11,10.0000),(11,6,5.0000),(6,11,5.0000),(11,7,5.0000),(7,11,5.0000),(11,8,5.0000),(8,11,5.0000),(11,9,5.0000),(9,11,5.0000),(11,10,5.0000),(10,11,5.0000),(11,12,5.0000),(12,11,5.0000),(12,1,10.0000),(1,12,10.0000),(12,2,10.0000),(2,12,10.0000),(12,3,10.0000),(3,12,10.0000),(12,4,10.0000),(4,12,10.0000),(12,5,10.0000),(5,12,10.0000),(12,6,5.0000),(6,12,5.0000),(12,7,5.0000),(7,12,5.0000),(12,8,5.0000),(8,12,5.0000),(12,9,5.0000),(9,12,5.0000),(12,10,5.0000),(10,12,5.0000),(12,11,5.0000),(11,12,5.0000),(1,2,5.0000),(1,3,5.0000),(1,4,5.0000),(1,5,5.0000),(1,6,5.0000),(1,7,5.0000),(1,8,10.0000),(1,9,10.0000),(1,10,10.0000),(1,11,10.0000),(1,12,10.0000),(2,1,5.0000),(2,3,5.0000),(2,4,5.0000),(2,5,5.0000),(2,6,5.0000),(2,7,5.0000),(2,8,10.0000),(2,9,10.0000),(2,10,10.0000),(2,11,10.0000),(2,12,10.0000),(3,1,5.0000),(3,2,5.0000),(3,4,5.0000),(3,5,5.0000),(3,6,5.0000),(3,7,5.0000),(3,8,10.0000),(3,9,10.0000),(3,10,10.0000),(3,11,10.0000),(3,12,10.0000),(4,1,5.0000),(4,2,5.0000),(4,3,5.0000),(4,5,5.0000),(4,6,5.0000),(4,7,5.0000),(4,8,10.0000),(4,9,10.0000),(4,10,10.0000),(4,11,10.0000),(4,12,10.0000),(5,1,5.0000),(5,2,5.0000),(5,3,5.0000),(5,4,5.0000),(5,6,5.0000),(5,7,5.0000),(5,8,10.0000),(5,9,10.0000),(5,10,10.0000),(5,11,10.0000),(5,12,10.0000),(6,1,5.0000),(6,2,5.0000),(6,3,5.0000),(6,4,5.0000),(6,5,5.0000),(6,7,5.0000),(6,8,10.0000),(6,9,10.0000),(6,10,10.0000),(6,11,10.0000),(6,12,10.0000),(7,1,10.0000),(7,2,10.0000),(7,3,10.0000),(7,4,10.0000),(7,5,10.0000),(7,6,5.0000),(7,8,5.0000),(7,9,5.0000),(7,10,5.0000),(7,11,5.0000),(7,12,5.0000),(8,1,10.0000),(8,2,10.0000),(8,3,10.0000),(8,4,10.0000),(8,5,10.0000),(8,6,5.0000),(8,7,5.0000),(8,9,5.0000),(8,10,5.0000),(8,11,5.0000),(8,12,5.0000),(9,1,10.0000),(9,2,10.0000),(9,3,10.0000),(9,4,10.0000),(9,5,10.0000),(9,6,5.0000),(9,7,5.0000),(9,8,5.0000),(9,10,5.0000),(9,11,5.0000),(9,12,5.0000),(10,1,10.0000),(10,2,10.0000),(10,3,10.0000),(10,4,10.0000),(10,5,10.0000),(10,6,5.0000),(10,7,5.0000),(10,8,5.0000),(10,9,5.0000),(10,11,5.0000),(10,12,5.0000),(11,1,10.0000),(11,2,10.0000),(11,3,10.0000),(11,4,10.0000),(11,5,10.0000),(11,6,5.0000),(11,7,5.0000),(11,8,5.0000),(11,9,5.0000),(11,10,5.0000),(11,12,5.0000),(12,1,10.0000),(12,2,10.0000),(12,3,10.0000),(12,4,10.0000),(12,5,10.0000),(12,6,5.0000),(12,7,5.0000),(12,8,5.0000),(12,9,5.0000),(12,10,5.0000),(12,11,5.0000);
/*!40000 ALTER TABLE `brt_cost_station` ENABLE KEYS */;
UNLOCK TABLES;

--
-- Table structure for table `bts`
--

DROP TABLE IF EXISTS `bts`;
/*!40101 SET @saved_cs_client     = @@character_set_client */;
/*!40101 SET character_set_client = utf8 */;
CREATE TABLE `bts` (
  `id` int(10) NOT NULL AUTO_INCREMENT,
  `name` varchar(100) DEFAULT NULL,
  PRIMARY KEY (`id`)
) ENGINE=InnoDB AUTO_INCREMENT=38 DEFAULT CHARSET=utf8;
/*!40101 SET character_set_client = @saved_cs_client */;

--
-- Dumping data for table `bts`
--

LOCK TABLES `bts` WRITE;
/*!40000 ALTER TABLE `bts` DISABLE KEYS */;
INSERT INTO `bts` VALUES (1,'Chid Lom'),(2,'Siam'),(5,'Mo Chit'),(6,'Saphan Khwai'),(7,'Ari'),(8,'Sanam Pao'),(9,'Victory Monument'),(10,'Phaya Thai'),(11,'Ratchathewi'),(12,'Phloen Chit'),(13,'Nana'),(14,'Asok'),(15,'Phrom Phong'),(16,'Thong Lo'),(17,'Ekkamai'),(18,'Phra Khanong'),(19,'On Nut'),(20,'Bang Chak'),(21,'Punnawithi'),(22,'Udom Suk'),(23,'Bang Na'),(24,'Bearing'),(25,'National Stadium'),(26,'Ratchadamri'),(27,'Sala Daeng'),(28,'Chong Nonsi'),(29,'Surasak'),(30,'Saphan Taksin'),(31,'Krung Thon Buri'),(32,'Wongwian Yai'),(33,'Silom'),(34,'Pho Nimit'),(35,'Talat Phlu'),(36,'Wutthakat'),(37,'Bang Wa');
/*!40000 ALTER TABLE `bts` ENABLE KEYS */;
UNLOCK TABLES;

--
-- Table structure for table `bts_cost_station`
--

DROP TABLE IF EXISTS `bts_cost_station`;
/*!40101 SET @saved_cs_client     = @@character_set_client */;
/*!40101 SET character_set_client = utf8 */;
CREATE TABLE `bts_cost_station` (
  `origination` int(10) DEFAULT NULL,
  `destination` int(10) DEFAULT NULL,
  `cost` decimal(8,4) DEFAULT NULL
) ENGINE=InnoDB DEFAULT CHARSET=utf8;
/*!40101 SET character_set_client = @saved_cs_client */;

--
-- Dumping data for table `bts_cost_station`
--

LOCK TABLES `bts_cost_station` WRITE;
/*!40000 ALTER TABLE `bts_cost_station` DISABLE KEYS */;
INSERT INTO `bts_cost_station` VALUES (1,2,15.0000),(2,1,15.0000),(1,5,42.0000),(5,1,42.0000),(1,6,42.0000),(6,1,42.0000),(1,7,34.0000),(7,1,34.0000),(1,8,31.0000),(8,1,31.0000),(1,9,28.0000),(9,1,28.0000),(1,10,25.0000),(10,1,25.0000),(1,11,22.0000),(11,1,22.0000),(1,12,15.0000),(12,1,15.0000),(1,13,22.0000),(13,1,22.0000),(1,14,25.0000),(14,1,25.0000),(1,15,28.0000),(15,1,28.0000),(1,16,31.0000),(16,1,31.0000),(1,17,34.0000),(17,1,34.0000),(1,18,37.0000),(18,1,37.0000),(1,19,42.0000),(19,1,42.0000),(1,20,52.0000),(20,1,52.0000),(1,21,52.0000),(21,1,52.0000),(1,22,52.0000),(22,1,52.0000),(1,23,52.0000),(23,1,52.0000),(1,24,52.0000),(24,1,52.0000),(1,25,22.0000),(25,1,22.0000),(1,26,22.0000),(26,1,22.0000),(1,27,25.0000),(27,1,25.0000),(1,28,28.0000),(28,1,28.0000),(1,29,34.0000),(29,1,34.0000),(1,30,37.0000),(30,1,37.0000),(1,31,42.0000),(31,1,42.0000),(1,32,42.0000),(32,1,42.0000),(1,34,42.0000),(34,1,42.0000),(1,35,52.0000),(35,1,52.0000),(1,36,52.0000),(36,1,52.0000),(1,37,52.0000),(37,1,52.0000),(2,1,15.0000),(1,2,15.0000),(2,5,42.0000),(5,2,42.0000),(2,6,37.0000),(6,2,37.0000),(2,7,31.0000),(7,2,31.0000),(2,8,28.0000),(8,2,28.0000),(2,9,25.0000),(9,2,25.0000),(2,10,22.0000),(10,2,22.0000),(2,11,15.0000),(11,2,15.0000),(2,12,22.0000),(12,2,22.0000),(2,13,25.0000),(13,2,25.0000),(2,14,28.0000),(14,2,28.0000),(2,15,31.0000),(15,2,31.0000),(2,16,34.0000),(16,2,34.0000),(2,17,37.0000),(17,2,37.0000),(2,18,42.0000),(18,2,42.0000),(2,19,42.0000),(19,2,42.0000),(2,20,52.0000),(20,2,52.0000),(2,21,52.0000),(21,2,52.0000),(2,22,52.0000),(22,2,52.0000),(2,23,52.0000),(23,2,52.0000),(2,24,52.0000),(24,2,52.0000),(2,25,15.0000),(25,2,15.0000),(2,26,15.0000),(26,2,15.0000),(2,27,22.0000),(27,2,22.0000),(2,28,25.0000),(28,2,25.0000),(2,29,31.0000),(29,2,31.0000),(2,30,34.0000),(30,2,34.0000),(2,31,37.0000),(31,2,37.0000),(2,32,42.0000),(32,2,42.0000),(2,34,52.0000),(34,2,52.0000),(2,35,52.0000),(35,2,52.0000),(2,36,52.0000),(36,2,52.0000),(2,37,52.0000),(37,2,52.0000),(5,1,42.0000),(1,5,42.0000),(5,2,42.0000),(2,5,42.0000),(5,6,15.0000),(6,5,15.0000),(5,7,25.0000),(7,5,25.0000),(5,8,28.0000),(8,5,28.0000),(5,9,31.0000),(9,5,31.0000),(5,10,34.0000),(10,5,34.0000),(5,11,37.0000),(11,5,37.0000),(5,12,42.0000),(12,5,42.0000),(5,13,42.0000),(13,5,42.0000),(5,14,42.0000),(14,5,42.0000),(5,15,42.0000),(15,5,42.0000),(5,16,42.0000),(16,5,42.0000),(5,17,42.0000),(17,5,42.0000),(5,18,42.0000),(18,5,42.0000),(5,19,42.0000),(19,5,42.0000),(5,20,52.0000),(20,5,52.0000),(5,21,52.0000),(21,5,52.0000),(5,22,52.0000),(22,5,52.0000),(5,23,52.0000),(23,5,52.0000),(5,24,52.0000),(24,5,52.0000),(5,25,42.0000),(25,5,42.0000),(5,26,42.0000),(26,5,42.0000),(5,27,42.0000),(27,5,42.0000),(5,28,42.0000),(28,5,42.0000),(5,29,42.0000),(29,5,42.0000),(5,30,42.0000),(30,5,42.0000),(5,31,42.0000),(31,5,42.0000),(5,32,42.0000),(32,5,42.0000),(5,34,52.0000),(34,5,52.0000),(5,35,52.0000),(35,5,52.0000),(5,36,52.0000),(36,5,52.0000),(5,37,52.0000),(37,5,52.0000),(6,1,42.0000),(1,6,42.0000),(6,2,37.0000),(2,6,37.0000),(6,5,15.0000),(5,6,15.0000),(6,7,22.0000),(7,6,22.0000),(6,8,25.0000),(8,6,25.0000),(6,9,28.0000),(9,6,28.0000),(6,10,31.0000),(10,6,31.0000),(6,11,34.0000),(11,6,34.0000),(6,12,42.0000),(12,6,42.0000),(6,13,42.0000),(13,6,42.0000),(6,14,42.0000),(14,6,42.0000),(6,15,42.0000),(15,6,42.0000),(6,16,42.0000),(16,6,42.0000),(6,17,42.0000),(17,6,42.0000),(6,18,42.0000),(18,6,42.0000),(6,19,42.0000),(19,6,42.0000),(6,20,52.0000),(20,6,52.0000),(6,21,52.0000),(21,6,52.0000),(6,22,52.0000),(22,6,52.0000),(6,23,52.0000),(23,6,52.0000),(6,24,52.0000),(24,6,52.0000),(6,25,42.0000),(25,6,42.0000),(6,26,42.0000),(26,6,42.0000),(6,27,42.0000),(27,6,42.0000),(6,28,42.0000),(28,6,42.0000),(6,29,42.0000),(29,6,42.0000),(6,30,42.0000),(30,6,42.0000),(6,31,42.0000),(31,6,42.0000),(6,32,42.0000),(32,6,42.0000),(6,34,52.0000),(34,6,52.0000),(6,35,52.0000),(35,6,52.0000),(6,36,52.0000),(36,6,52.0000),(6,37,52.0000),(37,6,52.0000),(7,1,34.0000),(1,7,34.0000),(7,2,31.0000),(2,7,31.0000),(7,5,25.0000),(5,7,25.0000),(7,6,22.0000),(6,7,22.0000),(7,8,15.0000),(8,7,15.0000),(7,9,22.0000),(9,7,22.0000),(7,10,25.0000),(10,7,25.0000),(7,11,28.0000),(11,7,28.0000),(7,12,37.0000),(12,7,37.0000),(7,13,42.0000),(13,7,42.0000),(7,14,42.0000),(14,7,42.0000),(7,15,42.0000),(15,7,42.0000),(7,16,42.0000),(16,7,42.0000),(7,17,42.0000),(17,7,42.0000),(7,18,42.0000),(18,7,42.0000),(7,19,42.0000),(19,7,42.0000),(7,20,52.0000),(20,7,52.0000),(7,21,52.0000),(21,7,52.0000),(7,22,52.0000),(22,7,52.0000),(7,23,52.0000),(23,7,52.0000),(7,24,52.0000),(24,7,52.0000),(7,25,34.0000),(25,7,34.0000),(7,26,34.0000),(26,7,34.0000),(7,27,37.0000),(27,7,37.0000),(7,28,42.0000),(28,7,42.0000),(7,29,42.0000),(29,7,42.0000),(7,30,42.0000),(30,7,42.0000),(7,31,42.0000),(31,7,42.0000),(7,32,42.0000),(32,7,42.0000),(7,34,52.0000),(34,7,52.0000),(7,35,52.0000),(35,7,52.0000),(7,36,52.0000),(36,7,52.0000),(7,37,52.0000),(37,7,52.0000),(8,1,31.0000),(1,8,31.0000),(8,2,28.0000),(2,8,28.0000),(8,5,28.0000),(5,8,28.0000),(8,6,25.0000),(6,8,25.0000),(8,7,15.0000),(7,8,15.0000),(8,9,15.0000),(9,8,15.0000),(8,10,22.0000),(10,8,22.0000),(8,11,25.0000),(11,8,25.0000),(8,12,28.0000),(12,8,28.0000),(8,13,37.0000),(13,8,37.0000),(8,14,42.0000),(14,8,42.0000),(8,15,42.0000),(15,8,42.0000),(8,16,42.0000),(16,8,42.0000),(8,17,42.0000),(17,8,42.0000),(8,18,42.0000),(18,8,42.0000),(8,19,42.0000),(19,8,42.0000),(8,20,52.0000),(20,8,52.0000),(8,21,52.0000),(21,8,52.0000),(8,22,52.0000),(22,8,52.0000),(8,23,52.0000),(23,8,52.0000),(8,24,52.0000),(24,8,52.0000),(8,25,31.0000),(25,8,31.0000),(8,26,31.0000),(26,8,31.0000),(8,27,34.0000),(27,8,34.0000),(8,28,37.0000),(28,8,37.0000),(8,29,42.0000),(29,8,42.0000),(8,30,42.0000),(30,8,42.0000),(8,31,42.0000),(31,8,42.0000),(8,32,42.0000),(32,8,42.0000),(8,34,52.0000),(34,8,52.0000),(8,35,52.0000),(35,8,52.0000),(8,36,52.0000),(36,8,52.0000),(8,37,52.0000),(37,8,52.0000),(9,1,28.0000),(1,9,28.0000),(9,2,25.0000),(2,9,25.0000),(9,5,31.0000),(5,9,31.0000),(9,6,28.0000),(6,9,28.0000),(9,7,22.0000),(7,9,22.0000),(9,8,15.0000),(8,9,15.0000),(9,10,15.0000),(10,9,15.0000),(9,11,22.0000),(11,9,22.0000),(9,12,31.0000),(12,9,31.0000),(9,13,34.0000),(13,9,34.0000),(9,14,37.0000),(14,9,37.0000),(9,15,42.0000),(15,9,42.0000),(9,16,42.0000),(16,9,42.0000),(9,17,42.0000),(17,9,42.0000),(9,18,42.0000),(18,9,42.0000),(9,19,42.0000),(19,9,42.0000),(9,20,52.0000),(20,9,52.0000),(9,21,52.0000),(21,9,52.0000),(9,22,52.0000),(22,9,52.0000),(9,23,52.0000),(23,9,52.0000),(9,24,52.0000),(24,9,52.0000),(9,25,28.0000),(25,9,28.0000),(9,26,28.0000),(26,9,28.0000),(9,27,31.0000),(27,9,31.0000),(9,28,34.0000),(28,9,34.0000),(9,29,42.0000),(29,9,42.0000),(9,30,42.0000),(30,9,42.0000),(9,31,42.0000),(31,9,42.0000),(9,32,42.0000),(32,9,42.0000),(9,34,52.0000),(34,9,52.0000),(9,35,52.0000),(35,9,52.0000),(9,36,52.0000),(36,9,52.0000),(9,37,52.0000),(37,9,52.0000),(10,1,25.0000),(1,10,25.0000),(10,2,22.0000),(2,10,22.0000),(10,5,34.0000),(5,10,34.0000),(10,6,31.0000),(6,10,31.0000),(10,7,25.0000),(7,10,25.0000),(10,8,22.0000),(8,10,22.0000),(10,9,15.0000),(9,10,15.0000),(10,11,15.0000),(11,10,15.0000),(10,12,28.0000),(12,10,28.0000),(10,13,31.0000),(13,10,31.0000),(10,14,34.0000),(14,10,34.0000),(10,15,37.0000),(15,10,37.0000),(10,16,42.0000),(16,10,42.0000),(10,17,42.0000),(17,10,42.0000),(10,18,42.0000),(18,10,42.0000),(10,19,42.0000),(19,10,42.0000),(10,20,52.0000),(20,10,52.0000),(10,21,52.0000),(21,10,52.0000),(10,22,52.0000),(22,10,52.0000),(10,23,52.0000),(23,10,52.0000),(10,24,52.0000),(24,10,52.0000),(10,25,25.0000),(25,10,25.0000),(10,26,25.0000),(26,10,25.0000),(10,27,28.0000),(27,10,28.0000),(10,28,31.0000),(28,10,31.0000),(10,29,37.0000),(29,10,37.0000),(10,30,42.0000),(30,10,42.0000),(10,31,42.0000),(31,10,42.0000),(10,32,42.0000),(32,10,42.0000),(10,34,52.0000),(34,10,52.0000),(10,35,52.0000),(35,10,52.0000),(10,36,52.0000),(36,10,52.0000),(10,37,52.0000),(37,10,52.0000),(11,1,22.0000),(1,11,22.0000),(11,2,15.0000),(2,11,15.0000),(11,5,37.0000),(5,11,37.0000),(11,6,34.0000),(6,11,34.0000),(11,7,28.0000),(7,11,28.0000),(11,8,25.0000),(8,11,25.0000),(11,9,22.0000),(9,11,22.0000),(11,10,15.0000),(10,11,15.0000),(11,12,25.0000),(12,11,25.0000),(11,13,28.0000),(13,11,28.0000),(11,14,31.0000),(14,11,31.0000),(11,15,34.0000),(15,11,34.0000),(11,16,37.0000),(16,11,37.0000),(11,17,42.0000),(17,11,42.0000),(11,18,42.0000),(18,11,42.0000),(11,19,42.0000),(19,11,42.0000),(11,20,52.0000),(20,11,52.0000),(11,21,52.0000),(21,11,52.0000),(11,22,52.0000),(22,11,52.0000),(11,23,52.0000),(23,11,52.0000),(11,24,52.0000),(24,11,52.0000),(11,25,22.0000),(25,11,22.0000),(11,26,22.0000),(26,11,22.0000),(11,27,25.0000),(27,11,25.0000),(11,28,28.0000),(28,11,28.0000),(11,29,34.0000),(29,11,34.0000),(11,30,37.0000),(30,11,37.0000),(11,31,42.0000),(31,11,42.0000),(11,32,42.0000),(32,11,42.0000),(11,34,52.0000),(34,11,52.0000),(11,35,52.0000),(35,11,52.0000),(11,36,52.0000),(36,11,52.0000),(11,37,52.0000),(37,11,52.0000),(12,1,15.0000),(1,12,15.0000),(12,2,22.0000),(2,12,22.0000),(12,5,42.0000),(5,12,42.0000),(12,6,42.0000),(6,12,42.0000),(12,7,37.0000),(7,12,37.0000),(12,8,28.0000),(8,12,28.0000),(12,9,31.0000),(9,12,31.0000),(12,10,28.0000),(10,12,28.0000),(12,11,25.0000),(11,12,25.0000),(12,13,15.0000),(13,12,15.0000),(12,14,22.0000),(14,12,22.0000),(12,15,25.0000),(15,12,25.0000),(12,16,28.0000),(16,12,28.0000),(12,17,31.0000),(17,12,31.0000),(12,18,34.0000),(18,12,34.0000),(12,19,37.0000),(19,12,37.0000),(12,20,47.0000),(20,12,47.0000),(12,21,47.0000),(21,12,47.0000),(12,22,47.0000),(22,12,47.0000),(12,23,47.0000),(23,12,47.0000),(12,24,47.0000),(24,12,47.0000),(12,25,25.0000),(25,12,25.0000),(12,26,25.0000),(26,12,25.0000),(12,27,28.0000),(27,12,28.0000),(12,28,31.0000),(28,12,31.0000),(12,29,37.0000),(29,12,37.0000),(12,30,42.0000),(30,12,42.0000),(12,31,42.0000),(31,12,42.0000),(12,32,42.0000),(32,12,42.0000),(12,34,52.0000),(34,12,52.0000),(12,35,52.0000),(35,12,52.0000),(12,36,52.0000),(36,12,52.0000),(12,37,52.0000),(37,12,52.0000),(13,1,22.0000),(1,13,22.0000),(13,2,25.0000),(2,13,25.0000),(13,5,42.0000),(5,13,42.0000),(13,6,42.0000),(6,13,42.0000),(13,7,42.0000),(7,13,42.0000),(13,8,37.0000),(8,13,37.0000),(13,9,34.0000),(9,13,34.0000),(13,10,31.0000),(10,13,31.0000),(13,11,28.0000),(11,13,28.0000),(13,12,15.0000),(12,13,15.0000),(13,14,15.0000),(14,13,15.0000),(13,15,22.0000),(15,13,22.0000),(13,16,25.0000),(16,13,25.0000),(13,17,28.0000),(17,13,28.0000),(13,18,31.0000),(18,13,31.0000),(13,19,34.0000),(19,13,34.0000),(13,20,44.0000),(20,13,44.0000),(13,21,44.0000),(21,13,44.0000),(13,22,44.0000),(22,13,44.0000),(13,23,44.0000),(23,13,44.0000),(13,24,44.0000),(24,13,44.0000),(13,25,28.0000),(25,13,28.0000),(13,26,28.0000),(26,13,28.0000),(13,27,31.0000),(27,13,31.0000),(13,28,34.0000),(28,13,34.0000),(13,29,42.0000),(29,13,42.0000),(13,30,42.0000),(30,13,42.0000),(13,31,42.0000),(31,13,42.0000),(13,32,42.0000),(32,13,42.0000),(13,34,52.0000),(34,13,52.0000),(13,35,52.0000),(35,13,52.0000),(13,36,52.0000),(36,13,52.0000),(13,37,52.0000),(37,13,52.0000),(14,1,25.0000),(1,14,25.0000),(14,2,28.0000),(2,14,28.0000),(14,5,42.0000),(5,14,42.0000),(14,6,42.0000),(6,14,42.0000),(14,7,42.0000),(7,14,42.0000),(14,8,42.0000),(8,14,42.0000),(14,9,37.0000),(9,14,37.0000),(14,10,34.0000),(10,14,34.0000),(14,11,31.0000),(11,14,31.0000),(14,12,22.0000),(12,14,22.0000),(14,13,15.0000),(13,14,15.0000),(14,15,15.0000),(15,14,15.0000),(14,16,22.0000),(16,14,22.0000),(14,17,25.0000),(17,14,25.0000),(14,18,28.0000),(18,14,28.0000),(14,19,31.0000),(19,14,31.0000),(14,20,41.0000),(20,14,41.0000),(14,21,41.0000),(21,14,41.0000),(14,22,41.0000),(22,14,41.0000),(14,23,41.0000),(23,14,41.0000),(14,24,41.0000),(24,14,41.0000),(14,25,31.0000),(25,14,31.0000),(14,26,31.0000),(26,14,31.0000),(14,27,34.0000),(27,14,34.0000),(14,28,37.0000),(28,14,37.0000),(14,29,42.0000),(29,14,42.0000),(14,30,42.0000),(30,14,42.0000),(14,31,42.0000),(31,14,42.0000),(14,32,42.0000),(32,14,42.0000),(14,34,52.0000),(34,14,52.0000),(14,35,52.0000),(35,14,52.0000),(14,36,52.0000),(36,14,52.0000),(14,37,52.0000),(37,14,52.0000),(15,1,28.0000),(1,15,28.0000),(15,2,31.0000),(2,15,31.0000),(15,5,42.0000),(5,15,42.0000),(15,6,42.0000),(6,15,42.0000),(15,7,42.0000),(7,15,42.0000),(15,8,42.0000),(8,15,42.0000),(15,9,42.0000),(9,15,42.0000),(15,10,37.0000),(10,15,37.0000),(15,11,34.0000),(11,15,34.0000),(15,12,25.0000),(12,15,25.0000),(15,13,22.0000),(13,15,22.0000),(15,14,15.0000),(14,15,15.0000),(15,16,15.0000),(16,15,15.0000),(15,17,22.0000),(17,15,22.0000),(15,18,25.0000),(18,15,25.0000),(15,19,28.0000),(19,15,28.0000),(15,20,38.0000),(20,15,38.0000),(15,21,38.0000),(21,15,38.0000),(15,22,38.0000),(22,15,38.0000),(15,23,38.0000),(23,15,38.0000),(15,24,38.0000),(24,15,38.0000),(15,25,34.0000),(25,15,34.0000),(15,26,34.0000),(26,15,34.0000),(15,27,37.0000),(27,15,37.0000),(15,28,42.0000),(28,15,42.0000),(15,29,42.0000),(29,15,42.0000),(15,30,42.0000),(30,15,42.0000),(15,31,42.0000),(31,15,42.0000),(15,32,42.0000),(32,15,42.0000),(15,34,52.0000),(34,15,52.0000),(15,35,52.0000),(35,15,52.0000),(15,36,52.0000),(36,15,52.0000),(15,37,52.0000),(37,15,52.0000),(16,1,31.0000),(1,16,31.0000),(16,2,34.0000),(2,16,34.0000),(16,5,42.0000),(5,16,42.0000),(16,6,42.0000),(6,16,42.0000),(16,7,42.0000),(7,16,42.0000),(16,8,42.0000),(8,16,42.0000),(16,9,42.0000),(9,16,42.0000),(16,10,42.0000),(10,16,42.0000),(16,11,37.0000),(11,16,37.0000),(16,12,28.0000),(12,16,28.0000),(16,13,25.0000),(13,16,25.0000),(16,14,22.0000),(14,16,22.0000),(16,15,15.0000),(15,16,15.0000),(16,17,15.0000),(17,16,15.0000),(16,18,22.0000),(18,16,22.0000),(16,19,25.0000),(19,16,25.0000),(16,20,35.0000),(20,16,35.0000),(16,21,35.0000),(21,16,35.0000),(16,22,35.0000),(22,16,35.0000),(16,23,35.0000),(23,16,35.0000),(16,24,35.0000),(24,16,35.0000),(16,25,37.0000),(25,16,37.0000),(16,26,37.0000),(26,16,37.0000),(16,27,42.0000),(27,16,42.0000),(16,28,42.0000),(28,16,42.0000),(16,29,42.0000),(29,16,42.0000),(16,30,42.0000),(30,16,42.0000),(16,31,42.0000),(31,16,42.0000),(16,32,42.0000),(32,16,42.0000),(16,34,52.0000),(34,16,52.0000),(16,35,52.0000),(35,16,52.0000),(16,36,52.0000),(36,16,52.0000),(16,37,52.0000),(37,16,52.0000),(17,1,34.0000),(1,17,34.0000),(17,2,37.0000),(2,17,37.0000),(17,5,42.0000),(5,17,42.0000),(17,6,42.0000),(6,17,42.0000),(17,7,42.0000),(7,17,42.0000),(17,8,42.0000),(8,17,42.0000),(17,9,42.0000),(9,17,42.0000),(17,10,42.0000),(10,17,42.0000),(17,11,42.0000),(11,17,42.0000),(17,12,31.0000),(12,17,31.0000),(17,13,28.0000),(13,17,28.0000),(17,14,25.0000),(14,17,25.0000),(17,15,22.0000),(15,17,22.0000),(17,16,15.0000),(16,17,15.0000),(17,18,15.0000),(18,17,15.0000),(17,19,22.0000),(19,17,22.0000),(17,20,32.0000),(20,17,32.0000),(17,21,32.0000),(21,17,32.0000),(17,22,32.0000),(22,17,32.0000),(17,23,32.0000),(23,17,32.0000),(17,24,32.0000),(24,17,32.0000),(17,25,42.0000),(25,17,42.0000),(17,26,42.0000),(26,17,42.0000),(17,27,42.0000),(27,17,42.0000),(17,28,42.0000),(28,17,42.0000),(17,29,42.0000),(29,17,42.0000),(17,30,42.0000),(30,17,42.0000),(17,31,42.0000),(31,17,42.0000),(17,32,42.0000),(32,17,42.0000),(17,34,52.0000),(34,17,52.0000),(17,35,52.0000),(35,17,52.0000),(17,36,52.0000),(36,17,52.0000),(17,37,52.0000),(37,17,52.0000),(18,1,37.0000),(1,18,37.0000),(18,2,42.0000),(2,18,42.0000),(18,5,42.0000),(5,18,42.0000),(18,6,42.0000),(6,18,42.0000),(18,7,42.0000),(7,18,42.0000),(18,8,42.0000),(8,18,42.0000),(18,9,42.0000),(9,18,42.0000),(18,10,42.0000),(10,18,42.0000),(18,11,42.0000),(11,18,42.0000),(18,12,34.0000),(12,18,34.0000),(18,13,31.0000),(13,18,31.0000),(18,14,28.0000),(14,18,28.0000),(18,15,25.0000),(15,18,25.0000),(18,16,22.0000),(16,18,22.0000),(18,17,15.0000),(17,18,15.0000),(18,19,15.0000),(19,18,15.0000),(18,20,25.0000),(20,18,25.0000),(18,21,25.0000),(21,18,25.0000),(18,22,25.0000),(22,18,25.0000),(18,23,25.0000),(23,18,25.0000),(18,24,25.0000),(24,18,25.0000),(18,25,42.0000),(25,18,42.0000),(18,26,42.0000),(26,18,42.0000),(18,27,42.0000),(27,18,42.0000),(18,28,42.0000),(28,18,42.0000),(18,29,42.0000),(29,18,42.0000),(18,30,42.0000),(30,18,42.0000),(18,31,42.0000),(31,18,42.0000),(18,32,42.0000),(32,18,42.0000),(18,34,52.0000),(34,18,52.0000),(18,35,52.0000),(35,18,52.0000),(18,36,52.0000),(36,18,52.0000),(18,37,52.0000),(37,18,52.0000),(19,1,42.0000),(1,19,42.0000),(19,2,52.0000),(2,19,52.0000),(19,5,42.0000),(5,19,42.0000),(19,6,42.0000),(6,19,42.0000),(19,7,42.0000),(7,19,42.0000),(19,8,42.0000),(8,19,42.0000),(19,9,42.0000),(9,19,42.0000),(19,10,42.0000),(10,19,42.0000),(19,11,42.0000),(11,19,42.0000),(19,12,37.0000),(12,19,37.0000),(19,13,34.0000),(13,19,34.0000),(19,14,31.0000),(14,19,31.0000),(19,15,28.0000),(15,19,28.0000),(19,16,25.0000),(16,19,25.0000),(19,17,22.0000),(17,19,22.0000),(19,18,15.0000),(18,19,15.0000),(19,20,10.0000),(20,19,10.0000),(19,21,10.0000),(21,19,10.0000),(19,22,10.0000),(22,19,10.0000),(19,23,10.0000),(23,19,10.0000),(19,24,10.0000),(24,19,10.0000),(19,25,42.0000),(25,19,42.0000),(19,26,42.0000),(26,19,42.0000),(19,27,42.0000),(27,19,42.0000),(19,28,42.0000),(28,19,42.0000),(19,29,42.0000),(29,19,42.0000),(19,30,42.0000),(30,19,42.0000),(19,31,42.0000),(31,19,42.0000),(19,32,42.0000),(32,19,42.0000),(19,34,52.0000),(34,19,52.0000),(19,35,52.0000),(35,19,52.0000),(19,36,52.0000),(36,19,52.0000),(19,37,52.0000),(37,19,52.0000),(20,1,52.0000),(1,20,52.0000),(20,2,52.0000),(2,20,52.0000),(20,5,52.0000),(5,20,52.0000),(20,6,52.0000),(6,20,52.0000),(20,7,52.0000),(7,20,52.0000),(20,8,52.0000),(8,20,52.0000),(20,9,52.0000),(9,20,52.0000),(20,10,52.0000),(10,20,52.0000),(20,11,52.0000),(11,20,52.0000),(20,12,47.0000),(12,20,47.0000),(20,13,44.0000),(13,20,44.0000),(20,14,41.0000),(14,20,41.0000),(20,15,38.0000),(15,20,38.0000),(20,16,35.0000),(16,20,35.0000),(20,17,32.0000),(17,20,32.0000),(20,18,25.0000),(18,20,25.0000),(20,19,10.0000),(19,20,10.0000),(20,21,10.0000),(21,20,10.0000),(20,22,10.0000),(22,20,10.0000),(20,23,10.0000),(23,20,10.0000),(20,24,10.0000),(24,20,10.0000),(20,25,52.0000),(25,20,52.0000),(20,26,52.0000),(26,20,52.0000),(20,27,52.0000),(27,20,52.0000),(20,28,52.0000),(28,20,52.0000),(20,29,52.0000),(29,20,52.0000),(20,30,52.0000),(30,20,52.0000),(20,31,52.0000),(31,20,52.0000),(20,32,52.0000),(32,20,52.0000),(20,34,52.0000),(34,20,52.0000),(20,35,52.0000),(35,20,52.0000),(20,36,52.0000),(36,20,52.0000),(20,37,52.0000),(37,20,52.0000),(21,1,52.0000),(1,21,52.0000),(21,2,52.0000),(2,21,52.0000),(21,5,52.0000),(5,21,52.0000),(21,6,52.0000),(6,21,52.0000),(21,7,52.0000),(7,21,52.0000),(21,8,52.0000),(8,21,52.0000),(21,9,52.0000),(9,21,52.0000),(21,10,52.0000),(10,21,52.0000),(21,11,52.0000),(11,21,52.0000),(21,12,47.0000),(12,21,47.0000),(21,13,44.0000),(13,21,44.0000),(21,14,41.0000),(14,21,41.0000),(21,15,38.0000),(15,21,38.0000),(21,16,35.0000),(16,21,35.0000),(21,17,32.0000),(17,21,32.0000),(21,18,25.0000),(18,21,25.0000),(21,19,10.0000),(19,21,10.0000),(21,20,10.0000),(20,21,10.0000),(21,22,10.0000),(22,21,10.0000),(21,23,10.0000),(23,21,10.0000),(21,24,10.0000),(24,21,10.0000),(21,25,52.0000),(25,21,52.0000),(21,26,52.0000),(26,21,52.0000),(21,27,52.0000),(27,21,52.0000),(21,28,52.0000),(28,21,52.0000),(21,29,52.0000),(29,21,52.0000),(21,30,52.0000),(30,21,52.0000),(21,31,52.0000),(31,21,52.0000),(21,32,52.0000),(32,21,52.0000),(21,34,52.0000),(34,21,52.0000),(21,35,52.0000),(35,21,52.0000),(21,36,52.0000),(36,21,52.0000),(21,37,52.0000),(37,21,52.0000),(22,1,52.0000),(1,22,52.0000),(22,2,52.0000),(2,22,52.0000),(22,5,52.0000),(5,22,52.0000),(22,6,52.0000),(6,22,52.0000),(22,7,52.0000),(7,22,52.0000),(22,8,52.0000),(8,22,52.0000),(22,9,52.0000),(9,22,52.0000),(22,10,52.0000),(10,22,52.0000),(22,11,52.0000),(11,22,52.0000),(22,12,47.0000),(12,22,47.0000),(22,13,44.0000),(13,22,44.0000),(22,14,41.0000),(14,22,41.0000),(22,15,38.0000),(15,22,38.0000),(22,16,35.0000),(16,22,35.0000),(22,17,32.0000),(17,22,32.0000),(22,18,25.0000),(18,22,25.0000),(22,19,10.0000),(19,22,10.0000),(22,20,10.0000),(20,22,10.0000),(22,21,10.0000),(21,22,10.0000),(22,23,10.0000),(23,22,10.0000),(22,24,10.0000),(24,22,10.0000),(22,25,52.0000),(25,22,52.0000),(22,26,52.0000),(26,22,52.0000),(22,27,52.0000),(27,22,52.0000),(22,28,52.0000),(28,22,52.0000),(22,29,52.0000),(29,22,52.0000),(22,30,52.0000),(30,22,52.0000),(22,31,52.0000),(31,22,52.0000),(22,32,52.0000),(32,22,52.0000),(22,34,52.0000),(34,22,52.0000),(22,35,52.0000),(35,22,52.0000),(22,36,52.0000),(36,22,52.0000),(22,37,52.0000),(37,22,52.0000),(23,1,52.0000),(1,23,52.0000),(23,2,52.0000),(2,23,52.0000),(23,5,52.0000),(5,23,52.0000),(23,6,52.0000),(6,23,52.0000),(23,7,52.0000),(7,23,52.0000),(23,8,52.0000),(8,23,52.0000),(23,9,52.0000),(9,23,52.0000),(23,10,52.0000),(10,23,52.0000),(23,11,52.0000),(11,23,52.0000),(23,12,47.0000),(12,23,47.0000),(23,13,44.0000),(13,23,44.0000),(23,14,41.0000),(14,23,41.0000),(23,15,38.0000),(15,23,38.0000),(23,16,35.0000),(16,23,35.0000),(23,17,32.0000),(17,23,32.0000),(23,18,25.0000),(18,23,25.0000),(23,19,10.0000),(19,23,10.0000),(23,20,10.0000),(20,23,10.0000),(23,21,10.0000),(21,23,10.0000),(23,22,10.0000),(22,23,10.0000),(23,24,10.0000),(24,23,10.0000),(23,25,52.0000),(25,23,52.0000),(23,26,52.0000),(26,23,52.0000),(23,27,52.0000),(27,23,52.0000),(23,28,52.0000),(28,23,52.0000),(23,29,52.0000),(29,23,52.0000),(23,30,52.0000),(30,23,52.0000),(23,31,52.0000),(31,23,52.0000),(23,32,52.0000),(32,23,52.0000),(23,34,52.0000),(34,23,52.0000),(23,35,52.0000),(35,23,52.0000),(23,36,52.0000),(36,23,52.0000),(23,37,52.0000),(37,23,52.0000),(24,1,52.0000),(1,24,52.0000),(24,2,22.0000),(2,24,22.0000),(24,5,52.0000),(5,24,52.0000),(24,6,52.0000),(6,24,52.0000),(24,7,52.0000),(7,24,52.0000),(24,8,52.0000),(8,24,52.0000),(24,9,52.0000),(9,24,52.0000),(24,10,52.0000),(10,24,52.0000),(24,11,52.0000),(11,24,52.0000),(24,12,47.0000),(12,24,47.0000),(24,13,44.0000),(13,24,44.0000),(24,14,41.0000),(14,24,41.0000),(24,15,38.0000),(15,24,38.0000),(24,16,35.0000),(16,24,35.0000),(24,17,32.0000),(17,24,32.0000),(24,18,25.0000),(18,24,25.0000),(24,19,10.0000),(19,24,10.0000),(24,20,10.0000),(20,24,10.0000),(24,21,10.0000),(21,24,10.0000),(24,22,10.0000),(22,24,10.0000),(24,23,10.0000),(23,24,10.0000),(24,25,52.0000),(25,24,52.0000),(24,26,52.0000),(26,24,52.0000),(24,27,52.0000),(27,24,52.0000),(24,28,52.0000),(28,24,52.0000),(24,29,52.0000),(29,24,52.0000),(24,30,52.0000),(30,24,52.0000),(24,31,52.0000),(31,24,52.0000),(24,32,52.0000),(32,24,52.0000),(24,34,52.0000),(34,24,52.0000),(24,35,52.0000),(35,24,52.0000),(24,36,52.0000),(36,24,52.0000),(24,37,52.0000),(37,24,52.0000),(25,1,22.0000),(1,25,22.0000),(25,2,22.0000),(2,25,22.0000),(25,5,42.0000),(5,25,42.0000),(25,6,42.0000),(6,25,42.0000),(25,7,34.0000),(7,25,34.0000),(25,8,31.0000),(8,25,31.0000),(25,9,28.0000),(9,25,28.0000),(25,10,25.0000),(10,25,25.0000),(25,11,22.0000),(11,25,22.0000),(25,12,25.0000),(12,25,25.0000),(25,13,28.0000),(13,25,28.0000),(25,14,31.0000),(14,25,31.0000),(25,15,34.0000),(15,25,34.0000),(25,16,37.0000),(16,25,37.0000),(25,17,42.0000),(17,25,42.0000),(25,18,42.0000),(18,25,42.0000),(25,19,42.0000),(19,25,42.0000),(25,20,52.0000),(20,25,52.0000),(25,21,52.0000),(21,25,52.0000),(25,22,52.0000),(22,25,52.0000),(25,23,52.0000),(23,25,52.0000),(25,24,52.0000),(24,25,52.0000),(25,26,22.0000),(26,25,22.0000),(25,27,25.0000),(27,25,25.0000),(25,28,28.0000),(28,25,28.0000),(25,29,34.0000),(29,25,34.0000),(25,30,37.0000),(30,25,37.0000),(25,31,42.0000),(31,25,42.0000),(25,32,42.0000),(32,25,42.0000),(25,34,52.0000),(34,25,52.0000),(25,35,52.0000),(35,25,52.0000),(25,36,52.0000),(36,25,52.0000),(25,37,52.0000),(37,25,52.0000),(26,1,22.0000),(1,26,22.0000),(26,2,25.0000),(2,26,25.0000),(26,5,42.0000),(5,26,42.0000),(26,6,42.0000),(6,26,42.0000),(26,7,34.0000),(7,26,34.0000),(26,8,31.0000),(8,26,31.0000),(26,9,28.0000),(9,26,28.0000),(26,10,25.0000),(10,26,25.0000),(26,11,22.0000),(11,26,22.0000),(26,12,25.0000),(12,26,25.0000),(26,13,28.0000),(13,26,28.0000),(26,14,31.0000),(14,26,31.0000),(26,15,34.0000),(15,26,34.0000),(26,16,37.0000),(16,26,37.0000),(26,17,42.0000),(17,26,42.0000),(26,18,42.0000),(18,26,42.0000),(26,19,42.0000),(19,26,42.0000),(26,20,52.0000),(20,26,52.0000),(26,21,52.0000),(21,26,52.0000),(26,22,52.0000),(22,26,52.0000),(26,23,52.0000),(23,26,52.0000),(26,24,52.0000),(24,26,52.0000),(26,25,22.0000),(25,26,22.0000),(26,27,15.0000),(27,26,15.0000),(26,28,22.0000),(28,26,22.0000),(26,29,28.0000),(29,26,28.0000),(26,30,31.0000),(30,26,31.0000),(26,31,34.0000),(31,26,34.0000),(26,32,37.0000),(32,26,37.0000),(26,34,47.0000),(34,26,47.0000),(26,35,47.0000),(35,26,47.0000),(26,36,47.0000),(36,26,47.0000),(26,37,47.0000),(37,26,47.0000),(27,1,25.0000),(1,27,25.0000),(27,2,28.0000),(2,27,28.0000),(27,5,42.0000),(5,27,42.0000),(27,6,42.0000),(6,27,42.0000),(27,7,37.0000),(7,27,37.0000),(27,8,34.0000),(8,27,34.0000),(27,9,31.0000),(9,27,31.0000),(27,10,28.0000),(10,27,28.0000),(27,11,25.0000),(11,27,25.0000),(27,12,28.0000),(12,27,28.0000),(27,13,31.0000),(13,27,31.0000),(27,14,34.0000),(14,27,34.0000),(27,15,37.0000),(15,27,37.0000),(27,16,42.0000),(16,27,42.0000),(27,17,42.0000),(17,27,42.0000),(27,18,42.0000),(18,27,42.0000),(27,19,42.0000),(19,27,42.0000),(27,20,52.0000),(20,27,52.0000),(27,21,52.0000),(21,27,52.0000),(27,22,52.0000),(22,27,52.0000),(27,23,52.0000),(23,27,52.0000),(27,24,52.0000),(24,27,52.0000),(27,25,25.0000),(25,27,25.0000),(27,26,15.0000),(26,27,15.0000),(27,28,15.0000),(28,27,15.0000),(27,29,25.0000),(29,27,25.0000),(27,30,28.0000),(30,27,28.0000),(27,31,31.0000),(31,27,31.0000),(27,32,34.0000),(32,27,34.0000),(27,34,44.0000),(34,27,44.0000),(27,35,44.0000),(35,27,44.0000),(27,36,44.0000),(36,27,44.0000),(27,37,44.0000),(37,27,44.0000),(28,1,28.0000),(1,28,28.0000),(28,2,34.0000),(2,28,34.0000),(28,5,42.0000),(5,28,42.0000),(28,6,42.0000),(6,28,42.0000),(28,7,42.0000),(7,28,42.0000),(28,8,37.0000),(8,28,37.0000),(28,9,34.0000),(9,28,34.0000),(28,10,31.0000),(10,28,31.0000),(28,11,28.0000),(11,28,28.0000),(28,12,31.0000),(12,28,31.0000),(28,13,34.0000),(13,28,34.0000),(28,14,37.0000),(14,28,37.0000),(28,15,42.0000),(15,28,42.0000),(28,16,42.0000),(16,28,42.0000),(28,17,42.0000),(17,28,42.0000),(28,18,42.0000),(18,28,42.0000),(28,19,42.0000),(19,28,42.0000),(28,20,52.0000),(20,28,52.0000),(28,21,52.0000),(21,28,52.0000),(28,22,52.0000),(22,28,52.0000),(28,23,52.0000),(23,28,52.0000),(28,24,52.0000),(24,28,52.0000),(28,25,28.0000),(25,28,28.0000),(28,26,22.0000),(26,28,22.0000),(28,27,15.0000),(27,28,15.0000),(28,29,22.0000),(29,28,22.0000),(28,30,25.0000),(30,28,25.0000),(28,31,25.0000),(31,28,25.0000),(28,32,31.0000),(32,28,31.0000),(28,34,41.0000),(34,28,41.0000),(28,35,41.0000),(35,28,41.0000),(28,36,41.0000),(36,28,41.0000),(28,37,41.0000),(37,28,41.0000),(29,1,34.0000),(1,29,34.0000),(29,2,37.0000),(2,29,37.0000),(29,5,42.0000),(5,29,42.0000),(29,6,42.0000),(6,29,42.0000),(29,7,42.0000),(7,29,42.0000),(29,8,42.0000),(8,29,42.0000),(29,9,42.0000),(9,29,42.0000),(29,10,37.0000),(10,29,37.0000),(29,11,34.0000),(11,29,34.0000),(29,12,37.0000),(12,29,37.0000),(29,13,42.0000),(13,29,42.0000),(29,14,42.0000),(14,29,42.0000),(29,15,42.0000),(15,29,42.0000),(29,16,42.0000),(16,29,42.0000),(29,17,42.0000),(17,29,42.0000),(29,18,42.0000),(18,29,42.0000),(29,19,42.0000),(19,29,42.0000),(29,20,52.0000),(20,29,52.0000),(29,21,52.0000),(21,29,52.0000),(29,22,52.0000),(22,29,52.0000),(29,23,52.0000),(23,29,52.0000),(29,24,52.0000),(24,29,52.0000),(29,25,34.0000),(25,29,34.0000),(29,26,28.0000),(26,29,28.0000),(29,27,25.0000),(27,29,25.0000),(29,28,22.0000),(28,29,22.0000),(29,30,15.0000),(30,29,15.0000),(29,31,15.0000),(31,29,15.0000),(29,32,15.0000),(32,29,15.0000),(29,34,25.0000),(34,29,25.0000),(29,35,25.0000),(35,29,25.0000),(29,36,25.0000),(36,29,25.0000),(29,37,25.0000),(37,29,25.0000),(30,1,37.0000),(1,30,37.0000),(30,2,42.0000),(2,30,42.0000),(30,5,42.0000),(5,30,42.0000),(30,6,42.0000),(6,30,42.0000),(30,7,42.0000),(7,30,42.0000),(30,8,42.0000),(8,30,42.0000),(30,9,42.0000),(9,30,42.0000),(30,10,42.0000),(10,30,42.0000),(30,11,37.0000),(11,30,37.0000),(30,12,42.0000),(12,30,42.0000),(30,13,42.0000),(13,30,42.0000),(30,14,42.0000),(14,30,42.0000),(30,15,42.0000),(15,30,42.0000),(30,16,42.0000),(16,30,42.0000),(30,17,42.0000),(17,30,42.0000),(30,18,42.0000),(18,30,42.0000),(30,19,42.0000),(19,30,42.0000),(30,20,52.0000),(20,30,52.0000),(30,21,52.0000),(21,30,52.0000),(30,22,52.0000),(22,30,52.0000),(30,23,52.0000),(23,30,52.0000),(30,24,52.0000),(24,30,52.0000),(30,25,37.0000),(25,30,37.0000),(30,26,31.0000),(26,30,31.0000),(30,27,28.0000),(27,30,28.0000),(30,28,25.0000),(28,30,25.0000),(30,29,15.0000),(29,30,15.0000),(30,31,15.0000),(31,30,15.0000),(30,32,15.0000),(32,30,15.0000),(30,34,25.0000),(34,30,25.0000),(30,35,25.0000),(35,30,25.0000),(30,36,25.0000),(36,30,25.0000),(30,37,25.0000),(37,30,25.0000),(31,1,42.0000),(1,31,42.0000),(31,2,42.0000),(2,31,42.0000),(31,5,42.0000),(5,31,42.0000),(31,6,42.0000),(6,31,42.0000),(31,7,42.0000),(7,31,42.0000),(31,8,42.0000),(8,31,42.0000),(31,9,42.0000),(9,31,42.0000),(31,10,42.0000),(10,31,42.0000),(31,11,42.0000),(11,31,42.0000),(31,12,42.0000),(12,31,42.0000),(31,13,42.0000),(13,31,42.0000),(31,14,42.0000),(14,31,42.0000),(31,15,42.0000),(15,31,42.0000),(31,16,42.0000),(16,31,42.0000),(31,17,42.0000),(17,31,42.0000),(31,18,42.0000),(18,31,42.0000),(31,19,42.0000),(19,31,42.0000),(31,20,52.0000),(20,31,52.0000),(31,21,52.0000),(21,31,52.0000),(31,22,52.0000),(22,31,52.0000),(31,23,52.0000),(23,31,52.0000),(31,24,52.0000),(24,31,52.0000),(31,25,42.0000),(25,31,42.0000),(31,26,34.0000),(26,31,34.0000),(31,27,31.0000),(27,31,31.0000),(31,28,25.0000),(28,31,25.0000),(31,29,15.0000),(29,31,15.0000),(31,30,15.0000),(30,31,15.0000),(31,32,15.0000),(32,31,15.0000),(31,34,25.0000),(34,31,25.0000),(31,35,25.0000),(35,31,25.0000),(31,36,25.0000),(36,31,25.0000),(31,37,25.0000),(37,31,25.0000),(32,1,42.0000),(1,32,42.0000),(32,2,52.0000),(2,32,52.0000),(32,5,42.0000),(5,32,42.0000),(32,6,42.0000),(6,32,42.0000),(32,7,42.0000),(7,32,42.0000),(32,8,42.0000),(8,32,42.0000),(32,9,42.0000),(9,32,42.0000),(32,10,42.0000),(10,32,42.0000),(32,11,42.0000),(11,32,42.0000),(32,12,42.0000),(12,32,42.0000),(32,13,42.0000),(13,32,42.0000),(32,14,42.0000),(14,32,42.0000),(32,15,42.0000),(15,32,42.0000),(32,16,42.0000),(16,32,42.0000),(32,17,42.0000),(17,32,42.0000),(32,18,42.0000),(18,32,42.0000),(32,19,42.0000),(19,32,42.0000),(32,20,52.0000),(20,32,52.0000),(32,21,52.0000),(21,32,52.0000),(32,22,52.0000),(22,32,52.0000),(32,23,52.0000),(23,32,52.0000),(32,24,52.0000),(24,32,52.0000),(32,25,42.0000),(25,32,42.0000),(32,26,37.0000),(26,32,37.0000),(32,27,34.0000),(27,32,34.0000),(32,28,31.0000),(28,32,31.0000),(32,29,15.0000),(29,32,15.0000),(32,30,15.0000),(30,32,15.0000),(32,31,15.0000),(31,32,15.0000),(32,34,10.0000),(34,32,10.0000),(32,35,10.0000),(35,32,10.0000),(32,36,10.0000),(36,32,10.0000),(32,37,10.0000),(37,32,10.0000),(34,1,52.0000),(1,34,52.0000),(34,2,52.0000),(2,34,52.0000),(34,5,52.0000),(5,34,52.0000),(34,6,52.0000),(6,34,52.0000),(34,7,52.0000),(7,34,52.0000),(34,8,52.0000),(8,34,52.0000),(34,9,52.0000),(9,34,52.0000),(34,10,52.0000),(10,34,52.0000),(34,11,52.0000),(11,34,52.0000),(34,12,52.0000),(12,34,52.0000),(34,13,52.0000),(13,34,52.0000),(34,14,52.0000),(14,34,52.0000),(34,15,52.0000),(15,34,52.0000),(34,16,52.0000),(16,34,52.0000),(34,17,52.0000),(17,34,52.0000),(34,18,52.0000),(18,34,52.0000),(34,19,52.0000),(19,34,52.0000),(34,20,52.0000),(20,34,52.0000),(34,21,52.0000),(21,34,52.0000),(34,22,52.0000),(22,34,52.0000),(34,23,52.0000),(23,34,52.0000),(34,24,52.0000),(24,34,52.0000),(34,25,52.0000),(25,34,52.0000),(34,26,47.0000),(26,34,47.0000),(34,27,44.0000),(27,34,44.0000),(34,28,41.0000),(28,34,41.0000),(34,29,25.0000),(29,34,25.0000),(34,30,25.0000),(30,34,25.0000),(34,31,25.0000),(31,34,25.0000),(34,32,10.0000),(32,34,10.0000),(34,35,10.0000),(35,34,10.0000),(34,36,10.0000),(36,34,10.0000),(34,37,10.0000),(37,34,10.0000),(35,1,52.0000),(1,35,52.0000),(35,2,52.0000),(2,35,52.0000),(35,5,52.0000),(5,35,52.0000),(35,6,52.0000),(6,35,52.0000),(35,7,52.0000),(7,35,52.0000),(35,8,52.0000),(8,35,52.0000),(35,9,52.0000),(9,35,52.0000),(35,10,52.0000),(10,35,52.0000),(35,11,52.0000),(11,35,52.0000),(35,12,52.0000),(12,35,52.0000),(35,13,52.0000),(13,35,52.0000),(35,14,52.0000),(14,35,52.0000),(35,15,52.0000),(15,35,52.0000),(35,16,52.0000),(16,35,52.0000),(35,17,52.0000),(17,35,52.0000),(35,18,52.0000),(18,35,52.0000),(35,19,52.0000),(19,35,52.0000),(35,20,52.0000),(20,35,52.0000),(35,21,52.0000),(21,35,52.0000),(35,22,52.0000),(22,35,52.0000),(35,23,52.0000),(23,35,52.0000),(35,24,52.0000),(24,35,52.0000),(35,25,52.0000),(25,35,52.0000),(35,26,47.0000),(26,35,47.0000),(35,27,44.0000),(27,35,44.0000),(35,28,41.0000),(28,35,41.0000),(35,29,25.0000),(29,35,25.0000),(35,30,25.0000),(30,35,25.0000),(35,31,25.0000),(31,35,25.0000),(35,32,10.0000),(32,35,10.0000),(35,34,10.0000),(34,35,10.0000),(35,36,10.0000),(36,35,10.0000),(35,37,10.0000),(37,35,10.0000),(36,1,52.0000),(1,36,52.0000),(36,2,52.0000),(2,36,52.0000),(36,5,52.0000),(5,36,52.0000),(36,6,52.0000),(6,36,52.0000),(36,7,52.0000),(7,36,52.0000),(36,8,52.0000),(8,36,52.0000),(36,9,52.0000),(9,36,52.0000),(36,10,52.0000),(10,36,52.0000),(36,11,52.0000),(11,36,52.0000),(36,12,52.0000),(12,36,52.0000),(36,13,52.0000),(13,36,52.0000),(36,14,52.0000),(14,36,52.0000),(36,15,52.0000),(15,36,52.0000),(36,16,52.0000),(16,36,52.0000),(36,17,52.0000),(17,36,52.0000),(36,18,52.0000),(18,36,52.0000),(36,19,52.0000),(19,36,52.0000),(36,20,52.0000),(20,36,52.0000),(36,21,52.0000),(21,36,52.0000),(36,22,52.0000),(22,36,52.0000),(36,23,52.0000),(23,36,52.0000),(36,24,52.0000),(24,36,52.0000),(36,25,52.0000),(25,36,52.0000),(36,26,47.0000),(26,36,47.0000),(36,27,44.0000),(27,36,44.0000),(36,28,41.0000),(28,36,41.0000),(36,29,25.0000),(29,36,25.0000),(36,30,25.0000),(30,36,25.0000),(36,31,25.0000),(31,36,25.0000),(36,32,10.0000),(32,36,10.0000),(36,34,10.0000),(34,36,10.0000),(36,35,10.0000),(35,36,10.0000),(36,37,10.0000),(37,36,10.0000),(37,1,52.0000),(1,37,52.0000),(37,2,52.0000),(2,37,52.0000),(37,5,52.0000),(5,37,52.0000),(37,6,52.0000),(6,37,52.0000),(37,7,52.0000),(7,37,52.0000),(37,8,52.0000),(8,37,52.0000),(37,9,52.0000),(9,37,52.0000),(37,10,52.0000),(10,37,52.0000),(37,11,52.0000),(11,37,52.0000),(37,12,52.0000),(12,37,52.0000),(37,13,52.0000),(13,37,52.0000),(37,14,52.0000),(14,37,52.0000),(37,15,52.0000),(15,37,52.0000),(37,16,52.0000),(16,37,52.0000),(37,17,52.0000),(17,37,52.0000),(37,18,52.0000),(18,37,52.0000),(37,19,52.0000),(19,37,52.0000),(37,20,52.0000),(20,37,52.0000),(37,21,52.0000),(21,37,52.0000),(37,22,52.0000),(22,37,52.0000),(37,23,52.0000),(23,37,52.0000),(37,24,52.0000),(24,37,52.0000),(37,25,52.0000),(25,37,52.0000),(37,26,47.0000),(26,37,47.0000),(37,27,44.0000),(27,37,44.0000),(37,28,41.0000),(28,37,41.0000),(37,29,25.0000),(29,37,25.0000),(37,30,25.0000),(30,37,25.0000),(37,31,25.0000),(31,37,25.0000),(37,32,10.0000),(32,37,10.0000),(37,34,10.0000),(34,37,10.0000),(37,35,10.0000),(35,37,10.0000),(37,36,10.0000),(36,37,10.0000),(1,2,15.0000),(1,5,42.0000),(1,6,42.0000),(1,7,34.0000),(1,8,31.0000),(1,9,28.0000),(1,10,25.0000),(1,11,22.0000),(1,12,15.0000),(1,13,22.0000),(1,14,25.0000),(1,15,28.0000),(1,16,31.0000),(1,17,34.0000),(1,18,37.0000),(1,19,42.0000),(1,20,52.0000),(1,21,52.0000),(1,22,52.0000),(1,23,52.0000),(1,24,52.0000),(1,25,22.0000),(1,26,22.0000),(1,27,25.0000),(1,28,28.0000),(1,29,34.0000),(1,30,37.0000),(1,31,42.0000),(1,32,42.0000),(1,34,42.0000),(1,35,52.0000),(1,36,52.0000),(1,37,52.0000),(2,1,15.0000),(2,5,42.0000),(2,6,37.0000),(2,7,31.0000),(2,8,28.0000),(2,9,25.0000),(2,10,22.0000),(2,11,15.0000),(2,12,22.0000),(2,13,25.0000),(2,14,28.0000),(2,15,31.0000),(2,16,34.0000),(2,17,37.0000),(2,18,42.0000),(2,19,42.0000),(2,20,52.0000),(2,21,52.0000),(2,22,52.0000),(2,23,52.0000),(2,24,52.0000),(2,25,15.0000),(2,26,15.0000),(2,27,22.0000),(2,28,25.0000),(2,29,31.0000),(2,30,34.0000),(2,31,37.0000),(2,32,42.0000),(2,34,52.0000),(2,35,52.0000),(2,36,52.0000),(2,37,52.0000),(5,1,42.0000),(5,2,42.0000),(5,6,15.0000),(5,7,25.0000),(5,8,28.0000),(5,9,31.0000),(5,10,34.0000),(5,11,37.0000),(5,12,42.0000),(5,13,42.0000),(5,14,42.0000),(5,15,42.0000),(5,16,42.0000),(5,17,42.0000),(5,18,42.0000),(5,19,42.0000),(5,20,52.0000),(5,21,52.0000),(5,22,52.0000),(5,23,52.0000),(5,24,52.0000),(5,25,42.0000),(5,26,42.0000),(5,27,42.0000),(5,28,42.0000),(5,29,42.0000),(5,30,42.0000),(5,31,42.0000),(5,32,42.0000),(5,34,52.0000),(5,35,52.0000),(5,36,52.0000),(5,37,52.0000),(6,1,42.0000),(6,2,37.0000),(6,5,15.0000),(6,7,22.0000),(6,8,25.0000),(6,9,28.0000),(6,10,31.0000),(6,11,34.0000),(6,12,42.0000),(6,13,42.0000),(6,14,42.0000),(6,15,42.0000),(6,16,42.0000),(6,17,42.0000),(6,18,42.0000),(6,19,42.0000),(6,20,52.0000),(6,21,52.0000),(6,22,52.0000),(6,23,52.0000),(6,24,52.0000),(6,25,42.0000),(6,26,42.0000),(6,27,42.0000),(6,28,42.0000),(6,29,42.0000),(6,30,42.0000),(6,31,42.0000),(6,32,42.0000),(6,34,52.0000),(6,35,52.0000),(6,36,52.0000),(6,37,52.0000),(7,1,34.0000),(7,2,31.0000),(7,5,25.0000),(7,6,22.0000),(7,8,15.0000),(7,9,22.0000),(7,10,25.0000),(7,11,28.0000),(7,12,37.0000),(7,13,42.0000),(7,14,42.0000),(7,15,42.0000),(7,16,42.0000),(7,17,42.0000),(7,18,42.0000),(7,19,42.0000),(7,20,52.0000),(7,21,52.0000),(7,22,52.0000),(7,23,52.0000),(7,24,52.0000),(7,25,34.0000),(7,26,34.0000),(7,27,37.0000),(7,28,42.0000),(7,29,42.0000),(7,30,42.0000),(7,31,42.0000),(7,32,42.0000),(7,34,52.0000),(7,35,52.0000),(7,36,52.0000),(7,37,52.0000),(8,1,31.0000),(8,2,28.0000),(8,5,28.0000),(8,6,25.0000),(8,7,15.0000),(8,9,15.0000),(8,10,22.0000),(8,11,25.0000),(8,12,28.0000),(8,13,37.0000),(8,14,42.0000),(8,15,42.0000),(8,16,42.0000),(8,17,42.0000),(8,18,42.0000),(8,19,42.0000),(8,20,52.0000),(8,21,52.0000),(8,22,52.0000),(8,23,52.0000),(8,24,52.0000),(8,25,31.0000),(8,26,31.0000),(8,27,34.0000),(8,28,37.0000),(8,29,42.0000),(8,30,42.0000),(8,31,42.0000),(8,32,42.0000),(8,34,52.0000),(8,35,52.0000),(8,36,52.0000),(8,37,52.0000),(9,1,28.0000),(9,2,25.0000),(9,5,31.0000),(9,6,28.0000),(9,7,22.0000),(9,8,15.0000),(9,10,15.0000),(9,11,22.0000),(9,12,31.0000),(9,13,34.0000),(9,14,37.0000),(9,15,42.0000),(9,16,42.0000),(9,17,42.0000),(9,18,42.0000),(9,19,42.0000),(9,20,52.0000),(9,21,52.0000),(9,22,52.0000),(9,23,52.0000),(9,24,52.0000),(9,25,28.0000),(9,26,28.0000),(9,27,31.0000),(9,28,34.0000),(9,29,42.0000),(9,30,42.0000),(9,31,42.0000),(9,32,42.0000),(9,34,52.0000),(9,35,52.0000),(9,36,52.0000),(9,37,52.0000),(10,1,25.0000),(10,2,22.0000),(10,5,34.0000),(10,6,31.0000),(10,7,25.0000),(10,8,22.0000),(10,9,15.0000),(10,11,15.0000),(10,12,28.0000),(10,13,31.0000),(10,14,34.0000),(10,15,37.0000),(10,16,42.0000),(10,17,42.0000),(10,18,42.0000),(10,19,42.0000),(10,20,52.0000),(10,21,52.0000),(10,22,52.0000),(10,23,52.0000),(10,24,52.0000),(10,25,25.0000),(10,26,25.0000),(10,27,28.0000),(10,28,31.0000),(10,29,37.0000),(10,30,42.0000),(10,31,42.0000),(10,32,42.0000),(10,34,52.0000),(10,35,52.0000),(10,36,52.0000),(10,37,52.0000),(11,1,22.0000),(11,2,15.0000),(11,5,37.0000),(11,6,34.0000),(11,7,28.0000),(11,8,25.0000),(11,9,22.0000),(11,10,15.0000),(11,12,25.0000),(11,13,28.0000),(11,14,31.0000),(11,15,34.0000),(11,16,37.0000),(11,17,42.0000),(11,18,42.0000),(11,19,42.0000),(11,20,52.0000),(11,21,52.0000),(11,22,52.0000),(11,23,52.0000),(11,24,52.0000),(11,25,22.0000),(11,26,22.0000),(11,27,25.0000),(11,28,28.0000),(11,29,34.0000),(11,30,37.0000),(11,31,42.0000),(11,32,42.0000),(11,34,52.0000),(11,35,52.0000),(11,36,52.0000),(11,37,52.0000),(12,1,15.0000),(12,2,22.0000),(12,5,42.0000),(12,6,42.0000),(12,7,37.0000),(12,8,28.0000),(12,9,31.0000),(12,10,28.0000),(12,11,25.0000),(12,13,15.0000),(12,14,22.0000),(12,15,25.0000),(12,16,28.0000),(12,17,31.0000),(12,18,34.0000),(12,19,37.0000),(12,20,47.0000),(12,21,47.0000),(12,22,47.0000),(12,23,47.0000),(12,24,47.0000),(12,25,25.0000),(12,26,25.0000),(12,27,28.0000),(12,28,31.0000),(12,29,37.0000),(12,30,42.0000),(12,31,42.0000),(12,32,42.0000),(12,34,52.0000),(12,35,52.0000),(12,36,52.0000),(12,37,52.0000),(13,1,22.0000),(13,2,25.0000),(13,5,42.0000),(13,6,42.0000),(13,7,42.0000),(13,8,37.0000),(13,9,34.0000),(13,10,31.0000),(13,11,28.0000),(13,12,15.0000),(13,14,15.0000),(13,15,22.0000),(13,16,25.0000),(13,17,28.0000),(13,18,31.0000),(13,19,34.0000),(13,20,44.0000),(13,21,44.0000),(13,22,44.0000),(13,23,44.0000),(13,24,44.0000),(13,25,28.0000),(13,26,28.0000),(13,27,31.0000),(13,28,34.0000),(13,29,42.0000),(13,30,42.0000),(13,31,42.0000),(13,32,42.0000),(13,34,52.0000),(13,35,52.0000),(13,36,52.0000),(13,37,52.0000),(14,1,25.0000),(14,2,28.0000),(14,5,42.0000),(14,6,42.0000),(14,7,42.0000),(14,8,42.0000),(14,9,37.0000),(14,10,34.0000),(14,11,31.0000),(14,12,22.0000),(14,13,15.0000),(14,15,15.0000),(14,16,22.0000),(14,17,25.0000),(14,18,28.0000),(14,19,31.0000),(14,20,41.0000),(14,21,41.0000),(14,22,41.0000),(14,23,41.0000),(14,24,41.0000),(14,25,31.0000),(14,26,31.0000),(14,27,34.0000),(14,28,37.0000),(14,29,42.0000),(14,30,42.0000),(14,31,42.0000),(14,32,42.0000),(14,34,52.0000),(14,35,52.0000),(14,36,52.0000),(14,37,52.0000),(15,1,28.0000),(15,2,31.0000),(15,5,42.0000),(15,6,42.0000),(15,7,42.0000),(15,8,42.0000),(15,9,42.0000),(15,10,37.0000),(15,11,34.0000),(15,12,25.0000),(15,13,22.0000),(15,14,15.0000),(15,16,15.0000),(15,17,22.0000),(15,18,25.0000),(15,19,28.0000),(15,20,38.0000),(15,21,38.0000),(15,22,38.0000),(15,23,38.0000),(15,24,38.0000),(15,25,34.0000),(15,26,34.0000),(15,27,37.0000),(15,28,42.0000),(15,29,42.0000),(15,30,42.0000),(15,31,42.0000),(15,32,42.0000),(15,34,52.0000),(15,35,52.0000),(15,36,52.0000),(15,37,52.0000),(16,1,31.0000),(16,2,34.0000),(16,5,42.0000),(16,6,42.0000),(16,7,42.0000),(16,8,42.0000),(16,9,42.0000),(16,10,42.0000),(16,11,37.0000),(16,12,28.0000),(16,13,25.0000),(16,14,22.0000),(16,15,15.0000),(16,17,15.0000),(16,18,22.0000),(16,19,25.0000),(16,20,35.0000),(16,21,35.0000),(16,22,35.0000),(16,23,35.0000),(16,24,35.0000),(16,25,37.0000),(16,26,37.0000),(16,27,42.0000),(16,28,42.0000),(16,29,42.0000),(16,30,42.0000),(16,31,42.0000),(16,32,42.0000),(16,34,52.0000),(16,35,52.0000),(16,36,52.0000),(16,37,52.0000),(17,1,34.0000),(17,2,37.0000),(17,5,42.0000),(17,6,42.0000),(17,7,42.0000),(17,8,42.0000),(17,9,42.0000),(17,10,42.0000),(17,11,42.0000),(17,12,31.0000),(17,13,28.0000),(17,14,25.0000),(17,15,22.0000),(17,16,15.0000),(17,18,15.0000),(17,19,22.0000),(17,20,32.0000),(17,21,32.0000),(17,22,32.0000),(17,23,32.0000),(17,24,32.0000),(17,25,42.0000),(17,26,42.0000),(17,27,42.0000),(17,28,42.0000),(17,29,42.0000),(17,30,42.0000),(17,31,42.0000),(17,32,42.0000),(17,34,52.0000),(17,35,52.0000),(17,36,52.0000),(17,37,52.0000),(18,1,37.0000),(18,2,42.0000),(18,5,42.0000),(18,6,42.0000),(18,7,42.0000),(18,8,42.0000),(18,9,42.0000),(18,10,42.0000),(18,11,42.0000),(18,12,34.0000),(18,13,31.0000),(18,14,28.0000),(18,15,25.0000),(18,16,22.0000),(18,17,15.0000),(18,19,15.0000),(18,20,25.0000),(18,21,25.0000),(18,22,25.0000),(18,23,25.0000),(18,24,25.0000),(18,25,42.0000),(18,26,42.0000),(18,27,42.0000),(18,28,42.0000),(18,29,42.0000),(18,30,42.0000),(18,31,42.0000),(18,32,42.0000),(18,34,52.0000),(18,35,52.0000),(18,36,52.0000),(18,37,52.0000),(19,1,42.0000),(19,2,52.0000),(19,5,42.0000),(19,6,42.0000),(19,7,42.0000),(19,8,42.0000),(19,9,42.0000),(19,10,42.0000),(19,11,42.0000),(19,12,37.0000),(19,13,34.0000),(19,14,31.0000),(19,15,28.0000),(19,16,25.0000),(19,17,22.0000),(19,18,15.0000),(19,20,10.0000),(19,21,10.0000),(19,22,10.0000),(19,23,10.0000),(19,24,10.0000),(19,25,42.0000),(19,26,42.0000),(19,27,42.0000),(19,28,42.0000),(19,29,42.0000),(19,30,42.0000),(19,31,42.0000),(19,32,42.0000),(19,34,52.0000),(19,35,52.0000),(19,36,52.0000),(19,37,52.0000),(20,1,52.0000),(20,2,52.0000),(20,5,52.0000),(20,6,52.0000),(20,7,52.0000),(20,8,52.0000),(20,9,52.0000),(20,10,52.0000),(20,11,52.0000),(20,12,47.0000),(20,13,44.0000),(20,14,41.0000),(20,15,38.0000),(20,16,35.0000),(20,17,32.0000),(20,18,25.0000),(20,19,10.0000),(20,21,10.0000),(20,22,10.0000),(20,23,10.0000),(20,24,10.0000),(20,25,52.0000),(20,26,52.0000),(20,27,52.0000),(20,28,52.0000),(20,29,52.0000),(20,30,52.0000),(20,31,52.0000),(20,32,52.0000),(20,34,52.0000),(20,35,52.0000),(20,36,52.0000),(20,37,52.0000),(21,1,52.0000),(21,2,52.0000),(21,5,52.0000),(21,6,52.0000),(21,7,52.0000),(21,8,52.0000),(21,9,52.0000),(21,10,52.0000),(21,11,52.0000),(21,12,47.0000),(21,13,44.0000),(21,14,41.0000),(21,15,38.0000),(21,16,35.0000),(21,17,32.0000),(21,18,25.0000),(21,19,10.0000),(21,20,10.0000),(21,22,10.0000),(21,23,10.0000),(21,24,10.0000),(21,25,52.0000),(21,26,52.0000),(21,27,52.0000),(21,28,52.0000),(21,29,52.0000),(21,30,52.0000),(21,31,52.0000),(21,32,52.0000),(21,34,52.0000),(21,35,52.0000),(21,36,52.0000),(21,37,52.0000),(22,1,52.0000),(22,2,52.0000),(22,5,52.0000),(22,6,52.0000),(22,7,52.0000),(22,8,52.0000),(22,9,52.0000),(22,10,52.0000),(22,11,52.0000),(22,12,47.0000),(22,13,44.0000),(22,14,41.0000),(22,15,38.0000),(22,16,35.0000),(22,17,32.0000),(22,18,25.0000),(22,19,10.0000),(22,20,10.0000),(22,21,10.0000),(22,23,10.0000),(22,24,10.0000),(22,25,52.0000),(22,26,52.0000),(22,27,52.0000),(22,28,52.0000),(22,29,52.0000),(22,30,52.0000),(22,31,52.0000),(22,32,52.0000),(22,34,52.0000),(22,35,52.0000),(22,36,52.0000),(22,37,52.0000),(23,1,52.0000),(23,2,52.0000),(23,5,52.0000),(23,6,52.0000),(23,7,52.0000),(23,8,52.0000),(23,9,52.0000),(23,10,52.0000),(23,11,52.0000),(23,12,47.0000),(23,13,44.0000),(23,14,41.0000),(23,15,38.0000),(23,16,35.0000),(23,17,32.0000),(23,18,25.0000),(23,19,10.0000),(23,20,10.0000),(23,21,10.0000),(23,22,10.0000),(23,24,10.0000),(23,25,52.0000),(23,26,52.0000),(23,27,52.0000),(23,28,52.0000),(23,29,52.0000),(23,30,52.0000),(23,31,52.0000),(23,32,52.0000),(23,34,52.0000),(23,35,52.0000),(23,36,52.0000),(23,37,52.0000),(24,1,52.0000),(24,2,22.0000),(24,5,52.0000),(24,6,52.0000),(24,7,52.0000),(24,8,52.0000),(24,9,52.0000),(24,10,52.0000),(24,11,52.0000),(24,12,47.0000),(24,13,44.0000),(24,14,41.0000),(24,15,38.0000),(24,16,35.0000),(24,17,32.0000),(24,18,25.0000),(24,19,10.0000),(24,20,10.0000),(24,21,10.0000),(24,22,10.0000),(24,23,10.0000),(24,25,52.0000),(24,26,52.0000),(24,27,52.0000),(24,28,52.0000),(24,29,52.0000),(24,30,52.0000),(24,31,52.0000),(24,32,52.0000),(24,34,52.0000),(24,35,52.0000),(24,36,52.0000),(24,37,52.0000),(25,1,22.0000),(25,2,22.0000),(25,5,42.0000),(25,6,42.0000),(25,7,34.0000),(25,8,31.0000),(25,9,28.0000),(25,10,25.0000),(25,11,22.0000),(25,12,25.0000),(25,13,28.0000),(25,14,31.0000),(25,15,34.0000),(25,16,37.0000),(25,17,42.0000),(25,18,42.0000),(25,19,42.0000),(25,20,52.0000),(25,21,52.0000),(25,22,52.0000),(25,23,52.0000),(25,24,52.0000),(25,26,22.0000),(25,27,25.0000),(25,28,28.0000),(25,29,34.0000),(25,30,37.0000),(25,31,42.0000),(25,32,42.0000),(25,34,52.0000),(25,35,52.0000),(25,36,52.0000),(25,37,52.0000),(26,1,22.0000),(26,2,25.0000),(26,5,42.0000),(26,6,42.0000),(26,7,34.0000),(26,8,31.0000),(26,9,28.0000),(26,10,25.0000),(26,11,22.0000),(26,12,25.0000),(26,13,28.0000),(26,14,31.0000),(26,15,34.0000),(26,16,37.0000),(26,17,42.0000),(26,18,42.0000),(26,19,42.0000),(26,20,52.0000),(26,21,52.0000),(26,22,52.0000),(26,23,52.0000),(26,24,52.0000),(26,25,22.0000),(26,27,15.0000),(26,28,22.0000),(26,29,28.0000),(26,30,31.0000),(26,31,34.0000),(26,32,37.0000),(26,34,47.0000),(26,35,47.0000),(26,36,47.0000),(26,37,47.0000),(27,1,25.0000),(27,2,28.0000),(27,5,42.0000),(27,6,42.0000),(27,7,37.0000),(27,8,34.0000),(27,9,31.0000),(27,10,28.0000),(27,11,25.0000),(27,12,28.0000),(27,13,31.0000),(27,14,34.0000),(27,15,37.0000),(27,16,42.0000),(27,17,42.0000),(27,18,42.0000),(27,19,42.0000),(27,20,52.0000),(27,21,52.0000),(27,22,52.0000),(27,23,52.0000),(27,24,52.0000),(27,25,25.0000),(27,26,15.0000),(27,28,15.0000),(27,29,25.0000),(27,30,28.0000),(27,31,31.0000),(27,32,34.0000),(27,34,44.0000),(27,35,44.0000),(27,36,44.0000),(27,37,44.0000),(28,1,28.0000),(28,2,34.0000),(28,5,42.0000),(28,6,42.0000),(28,7,42.0000),(28,8,37.0000),(28,9,34.0000),(28,10,31.0000),(28,11,28.0000),(28,12,31.0000),(28,13,34.0000),(28,14,37.0000),(28,15,42.0000),(28,16,42.0000),(28,17,42.0000),(28,18,42.0000),(28,19,42.0000),(28,20,52.0000),(28,21,52.0000),(28,22,52.0000),(28,23,52.0000),(28,24,52.0000),(28,25,28.0000),(28,26,22.0000),(28,27,15.0000),(28,29,22.0000),(28,30,25.0000),(28,31,25.0000),(28,32,31.0000),(28,34,41.0000),(28,35,41.0000),(28,36,41.0000),(28,37,41.0000),(29,1,34.0000),(29,2,37.0000),(29,5,42.0000),(29,6,42.0000),(29,7,42.0000),(29,8,42.0000),(29,9,42.0000),(29,10,37.0000),(29,11,34.0000),(29,12,37.0000),(29,13,42.0000),(29,14,42.0000),(29,15,42.0000),(29,16,42.0000),(29,17,42.0000),(29,18,42.0000),(29,19,42.0000),(29,20,52.0000),(29,21,52.0000),(29,22,52.0000),(29,23,52.0000),(29,24,52.0000),(29,25,34.0000),(29,26,28.0000),(29,27,25.0000),(29,28,22.0000),(29,30,15.0000),(29,31,15.0000),(29,32,15.0000),(29,34,25.0000),(29,35,25.0000),(29,36,25.0000),(29,37,25.0000),(30,1,37.0000),(30,2,42.0000),(30,5,42.0000),(30,6,42.0000),(30,7,42.0000),(30,8,42.0000),(30,9,42.0000),(30,10,42.0000),(30,11,37.0000),(30,12,42.0000),(30,13,42.0000),(30,14,42.0000),(30,15,42.0000),(30,16,42.0000),(30,17,42.0000),(30,18,42.0000),(30,19,42.0000),(30,20,52.0000),(30,21,52.0000),(30,22,52.0000),(30,23,52.0000),(30,24,52.0000),(30,25,37.0000),(30,26,31.0000),(30,27,28.0000),(30,28,25.0000),(30,29,15.0000),(30,31,15.0000),(30,32,15.0000),(30,34,25.0000),(30,35,25.0000),(30,36,25.0000),(30,37,25.0000),(31,1,42.0000),(31,2,42.0000),(31,5,42.0000),(31,6,42.0000),(31,7,42.0000),(31,8,42.0000),(31,9,42.0000),(31,10,42.0000),(31,11,42.0000),(31,12,42.0000),(31,13,42.0000),(31,14,42.0000),(31,15,42.0000),(31,16,42.0000),(31,17,42.0000),(31,18,42.0000),(31,19,42.0000),(31,20,52.0000),(31,21,52.0000),(31,22,52.0000),(31,23,52.0000),(31,24,52.0000),(31,25,42.0000),(31,26,34.0000),(31,27,31.0000),(31,28,25.0000),(31,29,15.0000),(31,30,15.0000),(31,32,15.0000),(31,34,25.0000),(31,35,25.0000),(31,36,25.0000),(31,37,25.0000),(32,1,42.0000),(32,2,52.0000),(32,5,42.0000),(32,6,42.0000),(32,7,42.0000),(32,8,42.0000),(32,9,42.0000),(32,10,42.0000),(32,11,42.0000),(32,12,42.0000),(32,13,42.0000),(32,14,42.0000),(32,15,42.0000),(32,16,42.0000),(32,17,42.0000),(32,18,42.0000),(32,19,42.0000),(32,20,52.0000),(32,21,52.0000),(32,22,52.0000),(32,23,52.0000),(32,24,52.0000),(32,25,42.0000),(32,26,37.0000),(32,27,34.0000),(32,28,31.0000),(32,29,15.0000),(32,30,15.0000),(32,31,15.0000),(32,34,10.0000),(32,35,10.0000),(32,36,10.0000),(32,37,10.0000),(34,1,52.0000),(34,2,52.0000),(34,5,52.0000),(34,6,52.0000),(34,7,52.0000),(34,8,52.0000),(34,9,52.0000),(34,10,52.0000),(34,11,52.0000),(34,12,52.0000),(34,13,52.0000),(34,14,52.0000),(34,15,52.0000),(34,16,52.0000),(34,17,52.0000),(34,18,52.0000),(34,19,52.0000),(34,20,52.0000),(34,21,52.0000),(34,22,52.0000),(34,23,52.0000),(34,24,52.0000),(34,25,52.0000),(34,26,47.0000),(34,27,44.0000),(34,28,41.0000),(34,29,25.0000),(34,30,25.0000),(34,31,25.0000),(34,32,10.0000),(34,35,10.0000),(34,36,10.0000),(34,37,10.0000),(35,1,52.0000),(35,2,52.0000),(35,5,52.0000),(35,6,52.0000),(35,7,52.0000),(35,8,52.0000),(35,9,52.0000),(35,10,52.0000),(35,11,52.0000),(35,12,52.0000),(35,13,52.0000),(35,14,52.0000),(35,15,52.0000),(35,16,52.0000),(35,17,52.0000),(35,18,52.0000),(35,19,52.0000),(35,20,52.0000),(35,21,52.0000),(35,22,52.0000),(35,23,52.0000),(35,24,52.0000),(35,25,52.0000),(35,26,47.0000),(35,27,44.0000),(35,28,41.0000),(35,29,25.0000),(35,30,25.0000),(35,31,25.0000),(35,32,10.0000),(35,34,10.0000),(35,36,10.0000),(35,37,10.0000),(36,1,52.0000),(36,2,52.0000),(36,5,52.0000),(36,6,52.0000),(36,7,52.0000),(36,8,52.0000),(36,9,52.0000),(36,10,52.0000),(36,11,52.0000),(36,12,52.0000),(36,13,52.0000),(36,14,52.0000),(36,15,52.0000),(36,16,52.0000),(36,17,52.0000),(36,18,52.0000),(36,19,52.0000),(36,20,52.0000),(36,21,52.0000),(36,22,52.0000),(36,23,52.0000),(36,24,52.0000),(36,25,52.0000),(36,26,47.0000),(36,27,44.0000),(36,28,41.0000),(36,29,25.0000),(36,30,25.0000),(36,31,25.0000),(36,32,10.0000),(36,34,10.0000),(36,35,10.0000),(36,37,10.0000),(37,1,52.0000),(37,2,52.0000),(37,5,52.0000),(37,6,52.0000),(37,7,52.0000),(37,8,52.0000),(37,9,52.0000),(37,10,52.0000),(37,11,52.0000),(37,12,52.0000),(37,13,52.0000),(37,14,52.0000),(37,15,52.0000),(37,16,52.0000),(37,17,52.0000),(37,18,52.0000),(37,19,52.0000),(37,20,52.0000),(37,21,52.0000),(37,22,52.0000),(37,23,52.0000),(37,24,52.0000),(37,25,52.0000),(37,26,47.0000),(37,27,44.0000),(37,28,41.0000),(37,29,25.0000),(37,30,25.0000),(37,31,25.0000),(37,32,10.0000),(37,34,10.0000),(37,35,10.0000),(37,36,10.0000);
/*!40000 ALTER TABLE `bts_cost_station` ENABLE KEYS */;
UNLOCK TABLES;

--
-- Table structure for table `cc_documentapproves`
--

DROP TABLE IF EXISTS `cc_documentapproves`;
/*!40101 SET @saved_cs_client     = @@character_set_client */;
/*!40101 SET character_set_client = utf8 */;
CREATE TABLE `cc_documentapproves` (
  `id` int(11) NOT NULL,
  `code` varchar(255) COLLATE utf8_unicode_ci NOT NULL,
  PRIMARY KEY (`id`)
) ENGINE=InnoDB DEFAULT CHARSET=utf8 COLLATE=utf8_unicode_ci;
/*!40101 SET character_set_client = @saved_cs_client */;

--
-- Dumping data for table `cc_documentapproves`
--

LOCK TABLES `cc_documentapproves` WRITE;
/*!40000 ALTER TABLE `cc_documentapproves` DISABLE KEYS */;
/*!40000 ALTER TABLE `cc_documentapproves` ENABLE KEYS */;
UNLOCK TABLES;

--
-- Table structure for table `cc_documentgenerate`
--

DROP TABLE IF EXISTS `cc_documentgenerate`;
/*!40101 SET @saved_cs_client     = @@character_set_client */;
/*!40101 SET character_set_client = utf8 */;
CREATE TABLE `cc_documentgenerate` (
  `id` int(11) NOT NULL,
  `name` varchar(255) COLLATE utf8_unicode_ci NOT NULL,
  PRIMARY KEY (`id`)
) ENGINE=InnoDB DEFAULT CHARSET=utf8 COLLATE=utf8_unicode_ci;
/*!40101 SET character_set_client = @saved_cs_client */;

--
-- Dumping data for table `cc_documentgenerate`
--

LOCK TABLES `cc_documentgenerate` WRITE;
/*!40000 ALTER TABLE `cc_documentgenerate` DISABLE KEYS */;
INSERT INTO `cc_documentgenerate` VALUES (8,'test');
/*!40000 ALTER TABLE `cc_documentgenerate` ENABLE KEYS */;
UNLOCK TABLES;

--
-- Table structure for table `cc_documents`
--

DROP TABLE IF EXISTS `cc_documents`;
/*!40101 SET @saved_cs_client     = @@character_set_client */;
/*!40101 SET character_set_client = utf8 */;
CREATE TABLE `cc_documents` (
  `id` int(11) NOT NULL,
  `code` varchar(255) COLLATE utf8_unicode_ci NOT NULL,
  `file` varchar(255) COLLATE utf8_unicode_ci NOT NULL,
  `template` int(11) NOT NULL,
  `submit` varchar(255) COLLATE utf8_unicode_ci NOT NULL,
  PRIMARY KEY (`id`)
) ENGINE=InnoDB DEFAULT CHARSET=utf8 COLLATE=utf8_unicode_ci;
/*!40101 SET character_set_client = @saved_cs_client */;

--
-- Dumping data for table `cc_documents`
--

LOCK TABLES `cc_documents` WRITE;
/*!40000 ALTER TABLE `cc_documents` DISABLE KEYS */;
INSERT INTO `cc_documents` VALUES (7,'-122','http://localhost:3001/Doc/file/7/7.docx',6,'');
/*!40000 ALTER TABLE `cc_documents` ENABLE KEYS */;
UNLOCK TABLES;

--
-- Table structure for table `cc_documenttemplates`
--

DROP TABLE IF EXISTS `cc_documenttemplates`;
/*!40101 SET @saved_cs_client     = @@character_set_client */;
/*!40101 SET character_set_client = utf8 */;
CREATE TABLE `cc_documenttemplates` (
  `id` int(11) NOT NULL,
  `name` varchar(255) COLLATE utf8_unicode_ci NOT NULL,
  `file_template` varchar(255) COLLATE utf8_unicode_ci NOT NULL,
  PRIMARY KEY (`id`)
) ENGINE=InnoDB DEFAULT CHARSET=utf8 COLLATE=utf8_unicode_ci;
/*!40101 SET character_set_client = @saved_cs_client */;

--
-- Dumping data for table `cc_documenttemplates`
--

LOCK TABLES `cc_documenttemplates` WRITE;
/*!40000 ALTER TABLE `cc_documenttemplates` DISABLE KEYS */;
INSERT INTO `cc_documenttemplates` VALUES (6,'test demo','http://localhost:3001/Doc/file/6/6.docx');
/*!40000 ALTER TABLE `cc_documenttemplates` ENABLE KEYS */;
UNLOCK TABLES;

--
-- Table structure for table `cc_expenses`
--

DROP TABLE IF EXISTS `cc_expenses`;
/*!40101 SET @saved_cs_client     = @@character_set_client */;
/*!40101 SET character_set_client = utf8 */;
CREATE TABLE `cc_expenses` (
  `id` int(11) NOT NULL,
  `expensename` varchar(255) COLLATE utf8_unicode_ci NOT NULL,
  `total_price` decimal(8,2) NOT NULL,
  `user_id` int(11) NOT NULL,
  `status` int(11) NOT NULL,
  `opportunity` int(11) NOT NULL,
  `approver` int(11) NOT NULL,
  PRIMARY KEY (`id`)
) ENGINE=InnoDB DEFAULT CHARSET=utf8 COLLATE=utf8_unicode_ci;
/*!40101 SET character_set_client = @saved_cs_client */;

--
-- Dumping data for table `cc_expenses`
--

LOCK TABLES `cc_expenses` WRITE;
/*!40000 ALTER TABLE `cc_expenses` DISABLE KEYS */;
INSERT INTO `cc_expenses` VALUES (783,'Panit-Develop-Expense-783',1707.00,9,3,24,9),(784,'Panit-Develop-Expense-784',52.00,9,5,25,9);
/*!40000 ALTER TABLE `cc_expenses` ENABLE KEYS */;
UNLOCK TABLES;

--
-- Table structure for table `cc_items`
--

DROP TABLE IF EXISTS `cc_items`;
/*!40101 SET @saved_cs_client     = @@character_set_client */;
/*!40101 SET character_set_client = utf8 */;
CREATE TABLE `cc_items` (
  `id` int(11) NOT NULL,
  `itemname` varchar(255) COLLATE utf8_unicode_ci NOT NULL,
  `category` int(10) NOT NULL,
  `opportunity` int(11) NOT NULL,
  `cost` decimal(8,2) NOT NULL,
  `description` mediumtext COLLATE utf8_unicode_ci NOT NULL,
  `attachment` varchar(255) COLLATE utf8_unicode_ci NOT NULL,
  `status` int(11) NOT NULL DEFAULT '1',
  `date` date NOT NULL,
  `expense_id` int(11) NOT NULL,
  PRIMARY KEY (`id`)
) ENGINE=InnoDB DEFAULT CHARSET=utf8 COLLATE=utf8_unicode_ci;
/*!40101 SET character_set_client = @saved_cs_client */;

--
-- Dumping data for table `cc_items`
--

LOCK TABLES `cc_items` WRITE;
/*!40000 ALTER TABLE `cc_items` DISABLE KEYS */;
INSERT INTO `cc_items` VALUES (104,'Panit-Develop-Item-104',1,0,5.00,'','',1,'0000-00-00',0),(105,'Panit-Develop-Item-105',1,24,52.00,'test','',4,'2017-02-05',783),(106,'Panit-Develop-Item-106',1,24,52.00,'test item','',4,'2017-03-06',783),(107,'Panit-Develop-Item-107',1,24,52.00,'','',4,'2017-02-05',783),(108,'Panit-Develop-Item-108',1,24,52.00,'xyuxfy','',4,'2017-02-05',783),(109,'Panit-Develop-Item-109',1,24,25.00,'fhmhgfnx','',4,'2017-02-05',783),(186,'Panit-Develop-Item-186',1,24,52.00,'asdasf','',4,'2017-02-05',783),(187,'Panit-Develop-Item-187',1,24,52.00,'asvfag','',4,'0000-00-00',783),(188,'Panit-Develop-Item-188',1,24,52.00,'asvfag','',4,'0000-00-00',783),(189,'Panit-Develop-Item-189',1,24,52.00,'asvfag','',4,'0000-00-00',783),(190,'Panit-Develop-Item-190',1,24,52.00,'asvfag','',4,'0000-00-00',783),(229,'Panit-Develop-Item-229',1,24,52.00,'dgbhgh','',4,'0000-00-00',783),(344,'Panit-Develop-Item-344',1,24,52.00,'dgbhgh','',4,'0000-00-00',783),(421,'Panit-Develop-Item-421',1,24,52.00,'rgdeht','',4,'0000-00-00',783),(422,'Panit-Develop-Item-422',1,24,52.00,'aawfawf','',4,'0000-00-00',783),(461,'Panit-Develop-Item-461',1,24,52.00,'xryijtyou','',4,'0000-00-00',783),(462,'Panit-Develop-Item-462',1,24,456.00,'afsasf','',4,'0000-00-00',783),(502,'Panit-Develop-Item-502',1,24,456.00,'afsasf','',4,'0000-00-00',783),(503,'Panit-Develop-Item-503',1,24,42.00,'ukkvhk','',4,'0000-00-00',783),(504,'Panit-Develop-Item-504',1,25,52.00,'kyfuk','',3,'2017-02-05',0),(824,'Panit-Develop-Item-824',1,1,0.00,'','',1,'2017-02-06',0),(825,'Panit-Develop-Item-825',1,1,0.00,'','',1,'2017-02-06',0);
/*!40000 ALTER TABLE `cc_items` ENABLE KEYS */;
UNLOCK TABLES;

--
-- Table structure for table `cc_leaves`
--

DROP TABLE IF EXISTS `cc_leaves`;
/*!40101 SET @saved_cs_client     = @@character_set_client */;
/*!40101 SET character_set_client = utf8 */;
CREATE TABLE `cc_leaves` (
  `id` int(11) NOT NULL,
  `leavename` varchar(255) COLLATE utf8_unicode_ci NOT NULL,
  `user_id` int(11) NOT NULL,
  `type` int(11) NOT NULL,
  `start_date` date NOT NULL,
  `end_date` date NOT NULL,
  `end_time` time NOT NULL,
  `start_time` time NOT NULL,
  `attchment` varchar(255) COLLATE utf8_unicode_ci NOT NULL,
  `description` mediumtext COLLATE utf8_unicode_ci NOT NULL,
  PRIMARY KEY (`id`)
) ENGINE=InnoDB DEFAULT CHARSET=utf8 COLLATE=utf8_unicode_ci;
/*!40101 SET character_set_client = @saved_cs_client */;

--
-- Dumping data for table `cc_leaves`
--

LOCK TABLES `cc_leaves` WRITE;
/*!40000 ALTER TABLE `cc_leaves` DISABLE KEYS */;
/*!40000 ALTER TABLE `cc_leaves` ENABLE KEYS */;
UNLOCK TABLES;

--
-- Table structure for table `cc_opportunitys`
--

DROP TABLE IF EXISTS `cc_opportunitys`;
/*!40101 SET @saved_cs_client     = @@character_set_client */;
/*!40101 SET character_set_client = utf8 */;
CREATE TABLE `cc_opportunitys` (
  `id` int(11) NOT NULL,
  `name` varchar(255) COLLATE utf8_unicode_ci NOT NULL,
  `active` int(11) NOT NULL DEFAULT '1',
  PRIMARY KEY (`id`)
) ENGINE=InnoDB DEFAULT CHARSET=utf8 COLLATE=utf8_unicode_ci;
/*!40101 SET character_set_client = @saved_cs_client */;

--
-- Dumping data for table `cc_opportunitys`
--

LOCK TABLES `cc_opportunitys` WRITE;
/*!40000 ALTER TABLE `cc_opportunitys` DISABLE KEYS */;
INSERT INTO `cc_opportunitys` VALUES (24,'MQDC',1),(25,'SLC',1),(26,'SMPH',1);
/*!40000 ALTER TABLE `cc_opportunitys` ENABLE KEYS */;
UNLOCK TABLES;

--
-- Table structure for table `customview`
--

DROP TABLE IF EXISTS `customview`;
/*!40101 SET @saved_cs_client     = @@character_set_client */;
/*!40101 SET character_set_client = utf8 */;
CREATE TABLE `customview` (
  `id` int(10) unsigned NOT NULL AUTO_INCREMENT,
  `viewname` varchar(255) COLLATE utf8_unicode_ci NOT NULL,
  `setdefault` tinyint(1) NOT NULL,
  `objectid` int(10) unsigned NOT NULL,
  `userid` int(11) DEFAULT NULL,
  PRIMARY KEY (`id`),
  KEY `customview_objectid_foreign` (`objectid`),
  CONSTRAINT `customview_objectid_foreign` FOREIGN KEY (`objectid`) REFERENCES `objects_model` (`id`) ON DELETE CASCADE
) ENGINE=InnoDB AUTO_INCREMENT=11 DEFAULT CHARSET=utf8 COLLATE=utf8_unicode_ci;
/*!40101 SET character_set_client = @saved_cs_client */;

--
-- Dumping data for table `customview`
--

LOCK TABLES `customview` WRITE;
/*!40000 ALTER TABLE `customview` DISABLE KEYS */;
INSERT INTO `customview` VALUES (1,'All',1,1,NULL),(2,'All',1,2,NULL),(3,'All',1,3,NULL),(4,'All',1,4,NULL),(5,'All',1,6,NULL),(6,'All',1,7,NULL),(7,'All',1,8,NULL),(8,'All',1,9,NULL),(9,'All',1,10,NULL),(10,'All',1,11,NULL);
/*!40000 ALTER TABLE `customview` ENABLE KEYS */;
UNLOCK TABLES;

--
-- Table structure for table `customview_columnslist`
--

DROP TABLE IF EXISTS `customview_columnslist`;
/*!40101 SET @saved_cs_client     = @@character_set_client */;
/*!40101 SET character_set_client = utf8 */;
CREATE TABLE `customview_columnslist` (
  `id` int(10) unsigned NOT NULL AUTO_INCREMENT,
  `cvid` int(10) unsigned NOT NULL,
  `columnindex` int(11) NOT NULL,
  `columnname` varchar(255) COLLATE utf8_unicode_ci NOT NULL,
  PRIMARY KEY (`id`),
  KEY `customview_columnslist_cvid_foreign` (`cvid`),
  CONSTRAINT `customview_columnslist_cvid_foreign` FOREIGN KEY (`cvid`) REFERENCES `customview` (`id`) ON DELETE CASCADE
) ENGINE=InnoDB AUTO_INCREMENT=11 DEFAULT CHARSET=utf8 COLLATE=utf8_unicode_ci;
/*!40101 SET character_set_client = @saved_cs_client */;

--
-- Dumping data for table `customview_columnslist`
--

LOCK TABLES `customview_columnslist` WRITE;
/*!40000 ALTER TABLE `customview_columnslist` DISABLE KEYS */;
INSERT INTO `customview_columnslist` VALUES (1,1,0,'code'),(2,2,0,'name'),(3,3,0,'code'),(4,4,0,'name'),(5,5,0,'profilename'),(6,6,0,'name'),(7,7,0,'itemname'),(8,8,0,'expensename'),(9,9,0,'leavename'),(10,10,0,'name');
/*!40000 ALTER TABLE `customview_columnslist` ENABLE KEYS */;
UNLOCK TABLES;

--
-- Table structure for table `entitys`
--

DROP TABLE IF EXISTS `entitys`;
/*!40101 SET @saved_cs_client     = @@character_set_client */;
/*!40101 SET character_set_client = utf8 */;
CREATE TABLE `entitys` (
  `id` int(10) unsigned NOT NULL AUTO_INCREMENT,
  `ownerid` int(11) NOT NULL,
  `createid` int(11) NOT NULL,
  `modifiedby` int(11) NOT NULL,
  `created_at` timestamp NULL DEFAULT NULL,
  `updated_at` timestamp NULL DEFAULT NULL,
  `deleted` int(11) NOT NULL,
  `label` varchar(255) COLLATE utf8_unicode_ci DEFAULT NULL,
  PRIMARY KEY (`id`)
) ENGINE=InnoDB AUTO_INCREMENT=826 DEFAULT CHARSET=utf8 COLLATE=utf8_unicode_ci;
/*!40101 SET character_set_client = @saved_cs_client */;

--
-- Dumping data for table `entitys`
--

LOCK TABLES `entitys` WRITE;
/*!40000 ALTER TABLE `entitys` DISABLE KEYS */;
INSERT INTO `entitys` VALUES (1,1,1,9,'2016-12-20 17:00:00','2017-01-28 09:55:50',0,'ERPS DEMO'),(2,9,9,9,'2017-01-25 08:21:22','2017-01-25 08:21:23',0,'profile'),(3,9,9,9,'2017-01-25 08:21:22','2017-01-25 08:21:23',0,'profile'),(4,9,9,9,'2017-01-25 08:21:22','2017-01-25 08:21:23',0,' role'),(5,9,9,9,'2017-01-25 08:21:22','2017-01-25 08:21:23',0,' role'),(6,1,1,1,'2016-11-09 04:54:16','2016-11-09 04:54:16',0,'test demo'),(7,1,1,1,'2016-11-09 06:03:44','2016-11-09 06:03:44',0,'-122'),(8,1,1,1,'2016-12-19 02:01:28','2016-12-19 02:01:28',0,'test'),(9,1,1,9,'2016-12-24 05:41:51','2017-01-28 09:51:08',0,'Panit Jaijaroen'),(10,1,1,0,'2016-12-24 06:25:20','2016-12-24 06:25:20',0,' '),(11,1,1,0,'2016-12-24 06:31:54','2016-12-24 06:31:54',0,' '),(12,1,1,0,'2017-01-10 04:55:26','2017-01-10 04:55:26',0,' '),(13,1,1,0,'2017-01-10 04:58:20','2017-01-10 04:58:20',0,' '),(14,1,1,0,'2017-01-10 05:00:21','2017-01-10 05:00:21',0,' '),(15,9,9,9,'2017-01-25 08:18:15','2017-01-28 09:54:55',0,'Pai PaiPai'),(16,9,9,9,'2017-01-25 08:21:22','2017-01-25 08:21:23',0,' '),(19,9,9,9,'2017-01-25 08:21:22','2017-01-25 08:21:23',0,' role'),(20,9,9,9,'2017-01-25 08:21:22','2017-01-25 08:21:23',0,'profile'),(23,9,9,9,'2017-01-28 16:42:35','2017-01-28 16:42:35',0,'test test'),(24,9,9,9,'2017-01-28 19:38:17','2017-01-28 19:38:18',0,'Opportunity'),(25,9,9,9,'2017-01-28 19:38:30','2017-01-28 19:38:30',0,'Opportunity'),(26,9,9,9,'2017-01-28 19:38:38','2017-01-28 19:38:39',0,'Opportunity'),(33,9,9,0,'2017-02-01 09:36:15','2017-02-01 09:36:15',0,'acsac '),(34,9,9,0,'2017-02-01 09:47:11','2017-02-01 09:47:11',0,' '),(35,9,9,0,'2017-02-05 10:00:51','2017-02-05 10:00:51',0,'nalinee crm'),(104,9,9,9,'2017-02-05 13:36:54','2017-02-05 14:27:17',1,'Item'),(105,9,9,9,'2017-02-05 14:54:15','2017-02-05 14:54:15',0,'Item'),(106,9,9,9,'2017-02-05 14:56:02','2017-02-05 14:56:03',0,'Item'),(107,9,9,9,'2017-02-05 14:58:17','2017-02-05 14:58:18',0,'Item'),(108,9,9,9,'2017-02-05 15:00:27','2017-02-05 15:00:27',0,'Item'),(109,9,9,9,'2017-02-05 15:03:49','2017-02-05 15:03:50',0,'Item'),(186,9,9,9,'2017-02-05 15:16:36','2017-02-05 15:16:36',0,'Item'),(187,9,9,9,'2017-02-05 15:17:26','2017-02-05 15:17:26',0,'Item'),(188,9,9,9,'2017-02-05 15:17:27','2017-02-05 15:17:28',0,'Item'),(189,9,9,9,'2017-02-05 15:17:31','2017-02-05 15:17:31',0,'Item'),(190,9,9,9,'2017-02-05 15:17:37','2017-02-05 15:17:37',0,'Item'),(229,9,9,9,'2017-02-05 15:41:47','2017-02-05 15:41:47',0,'Item'),(344,9,9,9,'2017-02-05 15:45:55','2017-02-05 15:45:55',0,'Item'),(421,9,9,9,'2017-02-05 16:12:30','2017-02-05 16:12:31',0,'Item'),(422,9,9,9,'2017-02-05 16:13:57','2017-02-05 16:13:58',0,'Item'),(461,9,9,9,'2017-02-05 16:20:24','2017-02-05 16:20:24',0,'Item'),(462,9,9,9,'2017-02-05 16:21:48','2017-02-05 16:21:49',0,'Item'),(502,9,9,9,'2017-02-05 16:24:54','2017-02-05 16:24:55',0,'Item'),(503,9,9,9,'2017-02-05 16:31:42','2017-02-05 16:31:42',0,'Item'),(504,9,9,9,'2017-02-05 16:35:12','2017-02-05 16:35:13',0,'Item'),(657,9,9,0,'2017-02-05 18:11:39','2017-02-05 18:11:39',0,'Natcha Kurupakorn'),(658,9,9,658,'2017-02-05 18:13:02','2017-02-05 19:18:56',0,'Chandasorn Prommayom'),(659,9,9,0,'2017-02-05 18:14:36','2017-02-05 18:14:36',0,'Viparat U-chue'),(660,9,9,0,'2017-02-05 18:19:22','2017-02-05 18:19:22',0,'Nadech Kugimiya'),(661,9,9,9,'2017-02-05 18:21:09','2017-02-05 18:26:44',0,'Tanatcha Earn'),(662,9,9,0,'2017-02-05 18:24:39','2017-02-05 18:24:39',0,'Urassaya Sperbund'),(663,9,9,0,'2017-02-05 18:25:56','2017-02-05 18:25:56',0,'Mintra Manee'),(783,9,9,9,'2017-02-05 20:02:09','2017-02-05 20:02:10',0,'Expense'),(784,9,9,9,'2017-02-05 20:02:10','2017-02-25 12:50:57',1,'Expense'),(824,9,9,9,'2017-02-06 10:29:26','2017-02-06 10:29:26',0,'Item'),(825,9,9,9,'2017-02-06 10:33:02','2017-02-06 10:33:03',0,'Item');
/*!40000 ALTER TABLE `entitys` ENABLE KEYS */;
UNLOCK TABLES;

--
-- Table structure for table `expense_status`
--

DROP TABLE IF EXISTS `expense_status`;
/*!40101 SET @saved_cs_client     = @@character_set_client */;
/*!40101 SET character_set_client = utf8 */;
CREATE TABLE `expense_status` (
  `id` int(11) NOT NULL AUTO_INCREMENT,
  `name` varchar(100) NOT NULL,
  PRIMARY KEY (`id`)
) ENGINE=InnoDB AUTO_INCREMENT=7 DEFAULT CHARSET=utf8;
/*!40101 SET character_set_client = @saved_cs_client */;

--
-- Dumping data for table `expense_status`
--

LOCK TABLES `expense_status` WRITE;
/*!40000 ALTER TABLE `expense_status` DISABLE KEYS */;
INSERT INTO `expense_status` VALUES (1,'New'),(3,'Paid'),(4,'Supervisor Approved'),(5,'Rejected'),(6,'Admin Approved');
/*!40000 ALTER TABLE `expense_status` ENABLE KEYS */;
UNLOCK TABLES;

--
-- Table structure for table `item_category`
--

DROP TABLE IF EXISTS `item_category`;
/*!40101 SET @saved_cs_client     = @@character_set_client */;
/*!40101 SET character_set_client = utf8 */;
CREATE TABLE `item_category` (
  `id` int(11) NOT NULL AUTO_INCREMENT,
  `name` varchar(100) NOT NULL,
  PRIMARY KEY (`id`)
) ENGINE=InnoDB AUTO_INCREMENT=5 DEFAULT CHARSET=utf8;
/*!40101 SET character_set_client = @saved_cs_client */;

--
-- Dumping data for table `item_category`
--

LOCK TABLES `item_category` WRITE;
/*!40000 ALTER TABLE `item_category` DISABLE KEYS */;
INSERT INTO `item_category` VALUES (1,'Travel'),(2,'Service'),(3,'Medical'),(4,'Other');
/*!40000 ALTER TABLE `item_category` ENABLE KEYS */;
UNLOCK TABLES;

--
-- Table structure for table `item_status`
--

DROP TABLE IF EXISTS `item_status`;
/*!40101 SET @saved_cs_client     = @@character_set_client */;
/*!40101 SET character_set_client = utf8 */;
CREATE TABLE `item_status` (
  `name` varchar(255) DEFAULT NULL,
  `id` int(11) NOT NULL AUTO_INCREMENT,
  PRIMARY KEY (`id`)
) ENGINE=InnoDB AUTO_INCREMENT=6 DEFAULT CHARSET=utf8;
/*!40101 SET character_set_client = @saved_cs_client */;

--
-- Dumping data for table `item_status`
--

LOCK TABLES `item_status` WRITE;
/*!40000 ALTER TABLE `item_status` DISABLE KEYS */;
INSERT INTO `item_status` VALUES ('new',1),('submited',2),('rejected',3),('Paid',4);
/*!40000 ALTER TABLE `item_status` ENABLE KEYS */;
UNLOCK TABLES;

--
-- Table structure for table `medicals`
--

DROP TABLE IF EXISTS `medicals`;
/*!40101 SET @saved_cs_client     = @@character_set_client */;
/*!40101 SET character_set_client = utf8 */;
CREATE TABLE `medicals` (
  `item_id` int(11) NOT NULL,
  `symptom` text NOT NULL,
  `hospital` varchar(255) NOT NULL,
  `symptom_name` varchar(255) NOT NULL
) ENGINE=InnoDB DEFAULT CHARSET=utf8;
/*!40101 SET character_set_client = @saved_cs_client */;

--
-- Dumping data for table `medicals`
--

LOCK TABLES `medicals` WRITE;
/*!40000 ALTER TABLE `medicals` DISABLE KEYS */;
/*!40000 ALTER TABLE `medicals` ENABLE KEYS */;
UNLOCK TABLES;

--
-- Table structure for table `migrations`
--

DROP TABLE IF EXISTS `migrations`;
/*!40101 SET @saved_cs_client     = @@character_set_client */;
/*!40101 SET character_set_client = utf8 */;
CREATE TABLE `migrations` (
  `migration` varchar(255) COLLATE utf8_unicode_ci NOT NULL,
  `batch` int(11) NOT NULL
) ENGINE=InnoDB DEFAULT CHARSET=utf8 COLLATE=utf8_unicode_ci;
/*!40101 SET character_set_client = @saved_cs_client */;

--
-- Dumping data for table `migrations`
--

LOCK TABLES `migrations` WRITE;
/*!40000 ALTER TABLE `migrations` DISABLE KEYS */;
INSERT INTO `migrations` VALUES ('2014_10_12_000000_create_users_table',1),('2014_10_12_100000_create_password_resets_table',1),('2016_03_07_041713_update_user_table',1),('2016_03_08_090353_CreateTableRoles',1),('2016_03_08_090615_CreateTableUserRoles',1),('2016_03_09_072632_CreaetTebleObjectModule',1),('2016_03_10_035203_UpdateFieldObjetModelToUnique',1),('2016_03_11_022212_CreateTableField',1),('2016_03_11_024004_CreateTableBlock',1),('2016_03_11_052219_UpdateBlockInObjectField',1),('2016_03_11_090721_CreateEntityTable',1),('2016_03_14_135241_CreateAccountObject',1),('2016_03_16_064158_createprofile',1),('2016_03_16_064739_CreateCustomView',1),('2016_04_21_040407_UpdateObjectFieldForFieldType',2),('2014_10_12_000000_create_users_table',1),('2014_10_12_100000_create_password_resets_table',1),('2016_03_07_041713_update_user_table',1),('2016_03_08_090353_CreateTableRoles',1),('2016_03_08_090615_CreateTableUserRoles',1),('2016_03_09_072632_CreaetTebleObjectModule',1),('2016_03_10_035203_UpdateFieldObjetModelToUnique',1),('2016_03_11_022212_CreateTableField',1),('2016_03_11_024004_CreateTableBlock',1),('2016_03_11_052219_UpdateBlockInObjectField',1),('2016_03_11_090721_CreateEntityTable',1),('2016_03_14_135241_CreateAccountObject',1),('2016_03_16_064158_createprofile',1),('2016_03_16_064739_CreateCustomView',1),('2016_04_21_040407_UpdateObjectFieldForFieldType',2);
/*!40000 ALTER TABLE `migrations` ENABLE KEYS */;
UNLOCK TABLES;

--
-- Table structure for table `mrt`
--

DROP TABLE IF EXISTS `mrt`;
/*!40101 SET @saved_cs_client     = @@character_set_client */;
/*!40101 SET character_set_client = utf8 */;
CREATE TABLE `mrt` (
  `id` int(10) NOT NULL AUTO_INCREMENT,
  `name` varchar(100) DEFAULT NULL,
  PRIMARY KEY (`id`)
) ENGINE=InnoDB AUTO_INCREMENT=19 DEFAULT CHARSET=utf8;
/*!40101 SET character_set_client = @saved_cs_client */;

--
-- Dumping data for table `mrt`
--

LOCK TABLES `mrt` WRITE;
/*!40000 ALTER TABLE `mrt` DISABLE KEYS */;
INSERT INTO `mrt` VALUES (1,'Hua Lamphong'),(2,'Sam Yan'),(3,'Si Lom'),(4,'Lumphini'),(5,'Khlong Toei'),(6,'Queen Sirikit National Convention Centre'),(7,'Sukhumvit'),(8,'Phetchaburi'),(9,'Phra Ram9'),(10,'Thailand Cultural Centre'),(11,'Huai Khwang'),(12,'Sutthisan'),(13,'Ratchadaphisek'),(14,'Lat Phrao'),(15,'Phahon Yothin'),(16,'Chatuchak Park'),(17,'Kamphaeng Phet'),(18,'Bang Sue');
/*!40000 ALTER TABLE `mrt` ENABLE KEYS */;
UNLOCK TABLES;

--
-- Table structure for table `mrt_cost_station`
--

DROP TABLE IF EXISTS `mrt_cost_station`;
/*!40101 SET @saved_cs_client     = @@character_set_client */;
/*!40101 SET character_set_client = utf8 */;
CREATE TABLE `mrt_cost_station` (
  `origination` int(10) DEFAULT NULL,
  `destination` int(10) DEFAULT NULL,
  `cost` decimal(8,4) DEFAULT NULL
) ENGINE=InnoDB DEFAULT CHARSET=utf8;
/*!40101 SET character_set_client = @saved_cs_client */;

--
-- Dumping data for table `mrt_cost_station`
--

LOCK TABLES `mrt_cost_station` WRITE;
/*!40000 ALTER TABLE `mrt_cost_station` DISABLE KEYS */;
INSERT INTO `mrt_cost_station` VALUES (1,2,16.0000),(2,1,16.0000),(1,3,19.0000),(3,1,19.0000),(1,4,21.0000),(4,1,21.0000),(1,5,23.0000),(5,1,23.0000),(1,6,26.0000),(6,1,26.0000),(1,7,28.0000),(7,1,28.0000),(1,8,30.0000),(8,1,30.0000),(1,9,33.0000),(9,1,33.0000),(1,10,35.0000),(10,1,35.0000),(1,11,37.0000),(11,1,37.0000),(1,12,40.0000),(12,1,40.0000),(1,13,42.0000),(13,1,42.0000),(1,14,42.0000),(14,1,42.0000),(1,15,42.0000),(15,1,42.0000),(1,16,42.0000),(16,1,42.0000),(1,17,42.0000),(17,1,42.0000),(1,18,42.0000),(18,1,42.0000),(2,1,16.0000),(1,2,16.0000),(2,3,16.0000),(3,2,16.0000),(2,4,19.0000),(4,2,19.0000),(2,5,21.0000),(5,2,21.0000),(2,6,23.0000),(6,2,23.0000),(2,7,26.0000),(7,2,26.0000),(2,8,28.0000),(8,2,28.0000),(2,9,30.0000),(9,2,30.0000),(2,10,33.0000),(10,2,33.0000),(2,11,35.0000),(11,2,35.0000),(2,12,37.0000),(12,2,37.0000),(2,13,40.0000),(13,2,40.0000),(2,14,42.0000),(14,2,42.0000),(2,15,42.0000),(15,2,42.0000),(2,16,42.0000),(16,2,42.0000),(2,17,42.0000),(17,2,42.0000),(2,18,42.0000),(18,2,42.0000),(3,1,19.0000),(1,3,19.0000),(3,2,16.0000),(2,3,16.0000),(3,4,16.0000),(4,3,16.0000),(3,5,19.0000),(5,3,19.0000),(3,6,21.0000),(6,3,21.0000),(3,7,23.0000),(7,3,23.0000),(3,8,26.0000),(8,3,26.0000),(3,9,28.0000),(9,3,28.0000),(3,10,30.0000),(10,3,30.0000),(3,11,33.0000),(11,3,33.0000),(3,12,35.0000),(12,3,35.0000),(3,13,37.0000),(13,3,37.0000),(3,14,40.0000),(14,3,40.0000),(3,15,42.0000),(15,3,42.0000),(3,16,42.0000),(16,3,42.0000),(3,17,42.0000),(17,3,42.0000),(3,18,42.0000),(18,3,42.0000),(4,1,21.0000),(1,4,21.0000),(4,2,19.0000),(2,4,19.0000),(4,3,16.0000),(3,4,16.0000),(4,5,16.0000),(5,4,16.0000),(4,6,19.0000),(6,4,19.0000),(4,7,21.0000),(7,4,21.0000),(4,8,23.0000),(8,4,23.0000),(4,9,26.0000),(9,4,26.0000),(4,10,28.0000),(10,4,28.0000),(4,11,30.0000),(11,4,30.0000),(4,12,33.0000),(12,4,33.0000),(4,13,35.0000),(13,4,35.0000),(4,14,37.0000),(14,4,37.0000),(4,15,40.0000),(15,4,40.0000),(4,16,42.0000),(16,4,42.0000),(4,17,42.0000),(17,4,42.0000),(4,18,42.0000),(18,4,42.0000),(5,1,23.0000),(1,5,23.0000),(5,2,21.0000),(2,5,21.0000),(5,3,19.0000),(3,5,19.0000),(5,4,16.0000),(4,5,16.0000),(5,6,16.0000),(6,5,16.0000),(5,7,19.0000),(7,5,19.0000),(5,8,21.0000),(8,5,21.0000),(5,9,23.0000),(9,5,23.0000),(5,10,26.0000),(10,5,26.0000),(5,11,28.0000),(11,5,28.0000),(5,12,30.0000),(12,5,30.0000),(5,13,33.0000),(13,5,33.0000),(5,14,35.0000),(14,5,35.0000),(5,15,37.0000),(15,5,37.0000),(5,16,40.0000),(16,5,40.0000),(5,17,42.0000),(17,5,42.0000),(5,18,42.0000),(18,5,42.0000),(6,1,26.0000),(1,6,26.0000),(6,2,23.0000),(2,6,23.0000),(6,3,21.0000),(3,6,21.0000),(6,4,19.0000),(4,6,19.0000),(6,5,16.0000),(5,6,16.0000),(6,7,16.0000),(7,6,16.0000),(6,8,19.0000),(8,6,19.0000),(6,9,21.0000),(9,6,21.0000),(6,10,23.0000),(10,6,23.0000),(6,11,26.0000),(11,6,26.0000),(6,12,28.0000),(12,6,28.0000),(6,13,30.0000),(13,6,30.0000),(6,14,33.0000),(14,6,33.0000),(6,15,35.0000),(15,6,35.0000),(6,16,37.0000),(16,6,37.0000),(6,17,40.0000),(17,6,40.0000),(6,18,42.0000),(18,6,42.0000),(7,1,28.0000),(1,7,28.0000),(7,2,26.0000),(2,7,26.0000),(7,3,23.0000),(3,7,23.0000),(7,4,21.0000),(4,7,21.0000),(7,5,19.0000),(5,7,19.0000),(7,6,16.0000),(6,7,16.0000),(7,8,16.0000),(8,7,16.0000),(7,9,19.0000),(9,7,19.0000),(7,10,21.0000),(10,7,21.0000),(7,11,23.0000),(11,7,23.0000),(7,12,26.0000),(12,7,26.0000),(7,13,28.0000),(13,7,28.0000),(7,14,30.0000),(14,7,30.0000),(7,15,33.0000),(15,7,33.0000),(7,16,35.0000),(16,7,35.0000),(7,17,37.0000),(17,7,37.0000),(7,18,40.0000),(18,7,40.0000),(8,1,30.0000),(1,8,30.0000),(8,2,28.0000),(2,8,28.0000),(8,3,26.0000),(3,8,26.0000),(8,4,23.0000),(4,8,23.0000),(8,5,21.0000),(5,8,21.0000),(8,6,19.0000),(6,8,19.0000),(8,7,16.0000),(7,8,16.0000),(8,9,16.0000),(9,8,16.0000),(8,10,19.0000),(10,8,19.0000),(8,11,21.0000),(11,8,21.0000),(8,12,23.0000),(12,8,23.0000),(8,13,26.0000),(13,8,26.0000),(8,14,28.0000),(14,8,28.0000),(8,15,30.0000),(15,8,30.0000),(8,16,33.0000),(16,8,33.0000),(8,17,35.0000),(17,8,35.0000),(8,18,37.0000),(18,8,37.0000),(9,1,33.0000),(1,9,33.0000),(9,2,30.0000),(2,9,30.0000),(9,3,28.0000),(3,9,28.0000),(9,4,26.0000),(4,9,26.0000),(9,5,23.0000),(5,9,23.0000),(9,6,21.0000),(6,9,21.0000),(9,7,19.0000),(7,9,19.0000),(9,8,16.0000),(8,9,16.0000),(9,10,16.0000),(10,9,16.0000),(9,11,19.0000),(11,9,19.0000),(9,12,21.0000),(12,9,21.0000),(9,13,23.0000),(13,9,23.0000),(9,14,26.0000),(14,9,26.0000),(9,15,28.0000),(15,9,28.0000),(9,16,30.0000),(16,9,30.0000),(9,17,33.0000),(17,9,33.0000),(9,18,35.0000),(18,9,35.0000),(10,1,35.0000),(1,10,35.0000),(10,2,33.0000),(2,10,33.0000),(10,3,30.0000),(3,10,30.0000),(10,4,28.0000),(4,10,28.0000),(10,5,26.0000),(5,10,26.0000),(10,6,23.0000),(6,10,23.0000),(10,7,21.0000),(7,10,21.0000),(10,8,19.0000),(8,10,19.0000),(10,9,16.0000),(9,10,16.0000),(10,11,16.0000),(11,10,16.0000),(10,12,19.0000),(12,10,19.0000),(10,13,21.0000),(13,10,21.0000),(10,14,23.0000),(14,10,23.0000),(10,15,26.0000),(15,10,26.0000),(10,16,28.0000),(16,10,28.0000),(10,17,30.0000),(17,10,30.0000),(10,18,33.0000),(18,10,33.0000),(11,1,37.0000),(1,11,37.0000),(11,2,35.0000),(2,11,35.0000),(11,3,33.0000),(3,11,33.0000),(11,4,30.0000),(4,11,30.0000),(11,5,28.0000),(5,11,28.0000),(11,6,26.0000),(6,11,26.0000),(11,7,23.0000),(7,11,23.0000),(11,8,21.0000),(8,11,21.0000),(11,9,19.0000),(9,11,19.0000),(11,10,16.0000),(10,11,16.0000),(11,12,16.0000),(12,11,16.0000),(11,13,19.0000),(13,11,19.0000),(11,14,21.0000),(14,11,21.0000),(11,15,23.0000),(15,11,23.0000),(11,16,26.0000),(16,11,26.0000),(11,17,28.0000),(17,11,28.0000),(11,18,30.0000),(18,11,30.0000),(12,1,40.0000),(1,12,40.0000),(12,2,37.0000),(2,12,37.0000),(12,3,35.0000),(3,12,35.0000),(12,4,33.0000),(4,12,33.0000),(12,5,30.0000),(5,12,30.0000),(12,6,28.0000),(6,12,28.0000),(12,7,26.0000),(7,12,26.0000),(12,8,23.0000),(8,12,23.0000),(12,9,21.0000),(9,12,21.0000),(12,10,19.0000),(10,12,19.0000),(12,11,16.0000),(11,12,16.0000),(12,13,16.0000),(13,12,16.0000),(12,14,19.0000),(14,12,19.0000),(12,15,21.0000),(15,12,21.0000),(12,16,23.0000),(16,12,23.0000),(12,17,26.0000),(17,12,26.0000),(12,18,28.0000),(18,12,28.0000),(13,1,42.0000),(1,13,42.0000),(13,2,40.0000),(2,13,40.0000),(13,3,37.0000),(3,13,37.0000),(13,4,35.0000),(4,13,35.0000),(13,5,33.0000),(5,13,33.0000),(13,6,30.0000),(6,13,30.0000),(13,7,28.0000),(7,13,28.0000),(13,8,26.0000),(8,13,26.0000),(13,9,23.0000),(9,13,23.0000),(13,10,21.0000),(10,13,21.0000),(13,11,19.0000),(11,13,19.0000),(13,12,16.0000),(12,13,16.0000),(13,14,16.0000),(14,13,16.0000),(13,15,19.0000),(15,13,19.0000),(13,16,21.0000),(16,13,21.0000),(13,17,23.0000),(17,13,23.0000),(13,18,26.0000),(18,13,26.0000),(14,1,42.0000),(1,14,42.0000),(14,2,42.0000),(2,14,42.0000),(14,3,40.0000),(3,14,40.0000),(14,4,37.0000),(4,14,37.0000),(14,5,35.0000),(5,14,35.0000),(14,6,33.0000),(6,14,33.0000),(14,7,30.0000),(7,14,30.0000),(14,8,28.0000),(8,14,28.0000),(14,9,26.0000),(9,14,26.0000),(14,10,23.0000),(10,14,23.0000),(14,11,21.0000),(11,14,21.0000),(14,12,19.0000),(12,14,19.0000),(14,13,16.0000),(13,14,16.0000),(14,15,16.0000),(15,14,16.0000),(14,16,19.0000),(16,14,19.0000),(14,17,21.0000),(17,14,21.0000),(14,18,23.0000),(18,14,23.0000),(15,1,42.0000),(1,15,42.0000),(15,2,42.0000),(2,15,42.0000),(15,3,42.0000),(3,15,42.0000),(15,4,40.0000),(4,15,40.0000),(15,5,37.0000),(5,15,37.0000),(15,6,35.0000),(6,15,35.0000),(15,7,33.0000),(7,15,33.0000),(15,8,30.0000),(8,15,30.0000),(15,9,28.0000),(9,15,28.0000),(15,10,26.0000),(10,15,26.0000),(15,11,23.0000),(11,15,23.0000),(15,12,21.0000),(12,15,21.0000),(15,13,19.0000),(13,15,19.0000),(15,14,16.0000),(14,15,16.0000),(15,16,16.0000),(16,15,16.0000),(15,17,19.0000),(17,15,19.0000),(15,18,21.0000),(18,15,21.0000),(16,1,42.0000),(1,16,42.0000),(16,2,42.0000),(2,16,42.0000),(16,3,42.0000),(3,16,42.0000),(16,4,42.0000),(4,16,42.0000),(16,5,40.0000),(5,16,40.0000),(16,6,37.0000),(6,16,37.0000),(16,7,35.0000),(7,16,35.0000),(16,8,33.0000),(8,16,33.0000),(16,9,30.0000),(9,16,30.0000),(16,10,28.0000),(10,16,28.0000),(16,11,26.0000),(11,16,26.0000),(16,12,23.0000),(12,16,23.0000),(16,13,21.0000),(13,16,21.0000),(16,14,19.0000),(14,16,19.0000),(16,15,16.0000),(15,16,16.0000),(16,17,16.0000),(17,16,16.0000),(16,18,19.0000),(18,16,19.0000),(17,1,42.0000),(1,17,42.0000),(17,2,42.0000),(2,17,42.0000),(17,3,42.0000),(3,17,42.0000),(17,4,42.0000),(4,17,42.0000),(17,5,42.0000),(5,17,42.0000),(17,6,40.0000),(6,17,40.0000),(17,7,37.0000),(7,17,37.0000),(17,8,35.0000),(8,17,35.0000),(17,9,33.0000),(9,17,33.0000),(17,10,30.0000),(10,17,30.0000),(17,11,28.0000),(11,17,28.0000),(17,12,26.0000),(12,17,26.0000),(17,13,23.0000),(13,17,23.0000),(17,14,21.0000),(14,17,21.0000),(17,15,19.0000),(15,17,19.0000),(17,16,16.0000),(16,17,16.0000),(17,18,16.0000),(18,17,16.0000),(18,1,42.0000),(1,18,42.0000),(18,2,42.0000),(2,18,42.0000),(18,3,42.0000),(3,18,42.0000),(18,4,42.0000),(4,18,42.0000),(18,5,42.0000),(5,18,42.0000),(18,6,42.0000),(6,18,42.0000),(18,7,40.0000),(7,18,40.0000),(18,8,37.0000),(8,18,37.0000),(18,9,35.0000),(9,18,35.0000),(18,10,33.0000),(10,18,33.0000),(18,11,30.0000),(11,18,30.0000),(18,12,28.0000),(12,18,28.0000),(18,13,26.0000),(13,18,26.0000),(18,14,23.0000),(14,18,23.0000),(18,15,21.0000),(15,18,21.0000),(18,16,19.0000),(16,18,19.0000),(18,17,16.0000),(17,18,16.0000),(1,2,16.0000),(1,3,19.0000),(1,4,21.0000),(1,5,23.0000),(1,6,26.0000),(1,7,28.0000),(1,8,30.0000),(1,9,33.0000),(1,10,35.0000),(1,11,37.0000),(1,12,40.0000),(1,13,42.0000),(1,14,42.0000),(1,15,42.0000),(1,16,42.0000),(1,17,42.0000),(1,18,42.0000),(2,1,16.0000),(2,3,16.0000),(2,4,19.0000),(2,5,21.0000),(2,6,23.0000),(2,7,26.0000),(2,8,28.0000),(2,9,30.0000),(2,10,33.0000),(2,11,35.0000),(2,12,37.0000),(2,13,40.0000),(2,14,42.0000),(2,15,42.0000),(2,16,42.0000),(2,17,42.0000),(2,18,42.0000),(3,1,19.0000),(3,2,16.0000),(3,4,16.0000),(3,5,19.0000),(3,6,21.0000),(3,7,23.0000),(3,8,26.0000),(3,9,28.0000),(3,10,30.0000),(3,11,33.0000),(3,12,35.0000),(3,13,37.0000),(3,14,40.0000),(3,15,42.0000),(3,16,42.0000),(3,17,42.0000),(3,18,42.0000),(4,1,21.0000),(4,2,19.0000),(4,3,16.0000),(4,5,16.0000),(4,6,19.0000),(4,7,21.0000),(4,8,23.0000),(4,9,26.0000),(4,10,28.0000),(4,11,30.0000),(4,12,33.0000),(4,13,35.0000),(4,14,37.0000),(4,15,40.0000),(4,16,42.0000),(4,17,42.0000),(4,18,42.0000),(5,1,23.0000),(5,2,21.0000),(5,3,19.0000),(5,4,16.0000),(5,6,16.0000),(5,7,19.0000),(5,8,21.0000),(5,9,23.0000),(5,10,26.0000),(5,11,28.0000),(5,12,30.0000),(5,13,33.0000),(5,14,35.0000),(5,15,37.0000),(5,16,40.0000),(5,17,42.0000),(5,18,42.0000),(6,1,26.0000),(6,2,23.0000),(6,3,21.0000),(6,4,19.0000),(6,5,16.0000),(6,7,16.0000),(6,8,19.0000),(6,9,21.0000),(6,10,23.0000),(6,11,26.0000),(6,12,28.0000),(6,13,30.0000),(6,14,33.0000),(6,15,35.0000),(6,16,37.0000),(6,17,40.0000),(6,18,42.0000),(7,1,28.0000),(7,2,26.0000),(7,3,23.0000),(7,4,21.0000),(7,5,19.0000),(7,6,16.0000),(7,8,16.0000),(7,9,19.0000),(7,10,21.0000),(7,11,23.0000),(7,12,26.0000),(7,13,28.0000),(7,14,30.0000),(7,15,33.0000),(7,16,35.0000),(7,17,37.0000),(7,18,40.0000),(8,1,30.0000),(8,2,28.0000),(8,3,26.0000),(8,4,23.0000),(8,5,21.0000),(8,6,19.0000),(8,7,16.0000),(8,9,16.0000),(8,10,19.0000),(8,11,21.0000),(8,12,23.0000),(8,13,26.0000),(8,14,28.0000),(8,15,30.0000),(8,16,33.0000),(8,17,35.0000),(8,18,37.0000),(9,1,33.0000),(9,2,30.0000),(9,3,28.0000),(9,4,26.0000),(9,5,23.0000),(9,6,21.0000),(9,7,19.0000),(9,8,16.0000),(9,10,16.0000),(9,11,19.0000),(9,12,21.0000),(9,13,23.0000),(9,14,26.0000),(9,15,28.0000),(9,16,30.0000),(9,17,33.0000),(9,18,35.0000),(10,1,35.0000),(10,2,33.0000),(10,3,30.0000),(10,4,28.0000),(10,5,26.0000),(10,6,23.0000),(10,7,21.0000),(10,8,19.0000),(10,9,16.0000),(10,11,16.0000),(10,12,19.0000),(10,13,21.0000),(10,14,23.0000),(10,15,26.0000),(10,16,28.0000),(10,17,30.0000),(10,18,33.0000),(11,1,37.0000),(11,2,35.0000),(11,3,33.0000),(11,4,30.0000),(11,5,28.0000),(11,6,26.0000),(11,7,23.0000),(11,8,21.0000),(11,9,19.0000),(11,10,16.0000),(11,12,16.0000),(11,13,19.0000),(11,14,21.0000),(11,15,23.0000),(11,16,26.0000),(11,17,28.0000),(11,18,30.0000),(12,1,40.0000),(12,2,37.0000),(12,3,35.0000),(12,4,33.0000),(12,5,30.0000),(12,6,28.0000),(12,7,26.0000),(12,8,23.0000),(12,9,21.0000),(12,10,19.0000),(12,11,16.0000),(12,13,16.0000),(12,14,19.0000),(12,15,21.0000),(12,16,23.0000),(12,17,26.0000),(12,18,28.0000),(13,1,42.0000),(13,2,40.0000),(13,3,37.0000),(13,4,35.0000),(13,5,33.0000),(13,6,30.0000),(13,7,28.0000),(13,8,26.0000),(13,9,23.0000),(13,10,21.0000),(13,11,19.0000),(13,12,16.0000),(13,14,16.0000),(13,15,19.0000),(13,16,21.0000),(13,17,23.0000),(13,18,26.0000),(14,1,42.0000),(14,2,42.0000),(14,3,40.0000),(14,4,37.0000),(14,5,35.0000),(14,6,33.0000),(14,7,30.0000),(14,8,28.0000),(14,9,26.0000),(14,10,23.0000),(14,11,21.0000),(14,12,19.0000),(14,13,16.0000),(14,15,16.0000),(14,16,19.0000),(14,17,21.0000),(14,18,23.0000),(15,1,42.0000),(15,2,42.0000),(15,3,42.0000),(15,4,40.0000),(15,5,37.0000),(15,6,35.0000),(15,7,33.0000),(15,8,30.0000),(15,9,28.0000),(15,10,26.0000),(15,11,23.0000),(15,12,21.0000),(15,13,19.0000),(15,14,16.0000),(15,16,16.0000),(15,17,19.0000),(15,18,21.0000),(16,1,42.0000),(16,2,42.0000),(16,3,42.0000),(16,4,42.0000),(16,5,40.0000),(16,6,37.0000),(16,7,35.0000),(16,8,33.0000),(16,9,30.0000),(16,10,28.0000),(16,11,26.0000),(16,12,23.0000),(16,13,21.0000),(16,14,19.0000),(16,15,16.0000),(16,17,16.0000),(16,18,19.0000),(17,1,42.0000),(17,2,42.0000),(17,3,42.0000),(17,4,42.0000),(17,5,42.0000),(17,6,40.0000),(17,7,37.0000),(17,8,35.0000),(17,9,33.0000),(17,10,30.0000),(17,11,28.0000),(17,12,26.0000),(17,13,23.0000),(17,14,21.0000),(17,15,19.0000),(17,16,16.0000),(17,18,16.0000),(18,1,42.0000),(18,2,42.0000),(18,3,42.0000),(18,4,42.0000),(18,5,42.0000),(18,6,42.0000),(18,7,40.0000),(18,8,37.0000),(18,9,35.0000),(18,10,33.0000),(18,11,30.0000),(18,12,28.0000),(18,13,26.0000),(18,14,23.0000),(18,15,21.0000),(18,16,19.0000),(18,17,16.0000);
/*!40000 ALTER TABLE `mrt_cost_station` ENABLE KEYS */;
UNLOCK TABLES;

--
-- Table structure for table `object_block`
--

DROP TABLE IF EXISTS `object_block`;
/*!40101 SET @saved_cs_client     = @@character_set_client */;
/*!40101 SET character_set_client = utf8 */;
CREATE TABLE `object_block` (
  `id` int(10) unsigned NOT NULL AUTO_INCREMENT,
  `objectid` int(10) unsigned NOT NULL,
  `blocklabel` varchar(255) COLLATE utf8_unicode_ci NOT NULL,
  `sequence` int(11) NOT NULL,
  PRIMARY KEY (`id`),
  KEY `object_block_objectid_foreign` (`objectid`),
  CONSTRAINT `object_block_objectid_foreign` FOREIGN KEY (`objectid`) REFERENCES `objects_model` (`id`) ON DELETE CASCADE
) ENGINE=InnoDB AUTO_INCREMENT=13 DEFAULT CHARSET=utf8 COLLATE=utf8_unicode_ci;
/*!40101 SET character_set_client = @saved_cs_client */;

--
-- Dumping data for table `object_block`
--

LOCK TABLES `object_block` WRITE;
/*!40000 ALTER TABLE `object_block` DISABLE KEYS */;
INSERT INTO `object_block` VALUES (1,1,'Document Information',1),(2,2,'DocumentTemplate Information',1),(3,3,'DocumentApprove Information',1),(4,4,'DocumentManager Information',1),(5,5,'User Manager',1),(6,6,'Profile Information',1),(7,7,'role Information',1),(8,8,'Item Information',1),(9,9,'Expense Information',1),(10,10,'Leave Information',1),(11,6,'Profile Permission',2),(12,11,'Opportunity Information',1);
/*!40000 ALTER TABLE `object_block` ENABLE KEYS */;
UNLOCK TABLES;

--
-- Table structure for table `object_field`
--

DROP TABLE IF EXISTS `object_field`;
/*!40101 SET @saved_cs_client     = @@character_set_client */;
/*!40101 SET character_set_client = utf8 */;
CREATE TABLE `object_field` (
  `id` int(10) unsigned NOT NULL AUTO_INCREMENT,
  `objectid` int(10) unsigned NOT NULL,
  `fieldname` varchar(255) COLLATE utf8_unicode_ci NOT NULL,
  `fieldlabel` varchar(255) COLLATE utf8_unicode_ci NOT NULL,
  `sequence` int(11) NOT NULL,
  `blockid` int(10) unsigned DEFAULT NULL,
  `type` int(10) unsigned DEFAULT NULL,
  `required` tinyint(1) NOT NULL,
  PRIMARY KEY (`id`),
  KEY `object_field_objectid_foreign` (`objectid`),
  KEY `object_field_blockid_index` (`blockid`),
  KEY `object_field_type_index` (`type`),
  CONSTRAINT `object_field_blockid_foreign` FOREIGN KEY (`blockid`) REFERENCES `object_block` (`id`) ON DELETE SET NULL,
  CONSTRAINT `object_field_objectid_foreign` FOREIGN KEY (`objectid`) REFERENCES `objects_model` (`id`) ON DELETE CASCADE,
  CONSTRAINT `object_field_type_foreign` FOREIGN KEY (`type`) REFERENCES `object_field_type` (`id`) ON DELETE SET NULL
) ENGINE=InnoDB AUTO_INCREMENT=58 DEFAULT CHARSET=utf8 COLLATE=utf8_unicode_ci;
/*!40101 SET character_set_client = @saved_cs_client */;

--
-- Dumping data for table `object_field`
--

LOCK TABLES `object_field` WRITE;
/*!40000 ALTER TABLE `object_field` DISABLE KEYS */;
INSERT INTO `object_field` VALUES (1,1,'code','Code',1,1,NULL,0),(2,2,'name','Name',1,2,NULL,0),(3,3,'code','code',1,3,NULL,0),(4,2,'file_template','File Template',2,2,NULL,0),(5,1,'file','file',2,1,NULL,0),(6,1,'template','temaplte',3,1,NULL,0),(7,1,'template','template',4,1,NULL,0),(8,1,'submit','submit',5,1,NULL,0),(9,4,'name','Name',1,4,NULL,0),(10,5,'email','Email',2,5,8,1),(11,5,'user_name','Username',1,5,4,1),(12,5,'firstname','First Name',3,5,4,0),(13,5,'lastname','Last Name',4,5,4,0),(16,6,'profilename','profilename',1,6,NULL,0),(17,6,'description','Description',2,6,NULL,0),(18,7,'name','name',1,7,NULL,0),(19,7,'role_description','Role Description',2,7,NULL,0),(20,7,'parent_role','Parent Role',3,7,NULL,0),(21,5,'role_id','Role',7,5,5,1),(23,9,'expensename','expense',1,9,NULL,0),(24,10,'leavename','leave_name',1,10,NULL,0),(25,5,'supervisor_id','supervisor',5,5,5,1),(27,8,'opportunity','opportunity',1,8,5,0),(28,8,'cost','cost',3,8,7,0),(29,8,'description','description',4,8,4,0),(32,8,'date','date',2,8,6,0),(37,9,'total_price','total_price',4,9,NULL,0),(40,9,'user_id','user_id',7,9,NULL,0),(41,9,'status','status',8,9,NULL,0),(42,9,'opportunity','opportunity',9,9,NULL,0),(44,10,'user_id','user_id',2,10,NULL,0),(45,10,'type','type',3,10,NULL,0),(46,10,'start_date','start_date',4,10,NULL,0),(47,10,'end_date','end_date',5,10,NULL,0),(48,10,'end_time','end_time',6,10,NULL,0),(49,10,'start_time','start_time',7,10,NULL,0),(50,10,'attchment','attachment',8,10,NULL,0),(51,10,'description','description',9,10,NULL,0),(52,10,'description','description',10,10,NULL,0),(53,5,'status','status',6,5,5,1),(54,11,'name','name',1,12,NULL,0),(55,11,'active','active',2,12,NULL,0),(56,8,'attachment','attachment',8,8,2,0),(57,9,'approver','approver',10,9,NULL,0);
/*!40000 ALTER TABLE `object_field` ENABLE KEYS */;
UNLOCK TABLES;

--
-- Table structure for table `object_field_type`
--

DROP TABLE IF EXISTS `object_field_type`;
/*!40101 SET @saved_cs_client     = @@character_set_client */;
/*!40101 SET character_set_client = utf8 */;
CREATE TABLE `object_field_type` (
  `id` int(10) unsigned NOT NULL AUTO_INCREMENT,
  `fieldtype` varchar(255) COLLATE utf8_unicode_ci NOT NULL,
  PRIMARY KEY (`id`)
) ENGINE=InnoDB AUTO_INCREMENT=9 DEFAULT CHARSET=utf8 COLLATE=utf8_unicode_ci;
/*!40101 SET character_set_client = @saved_cs_client */;

--
-- Dumping data for table `object_field_type`
--

LOCK TABLES `object_field_type` WRITE;
/*!40000 ALTER TABLE `object_field_type` DISABLE KEYS */;
INSERT INTO `object_field_type` VALUES (1,'reference'),(2,'image'),(3,'password'),(4,'text'),(5,'picklist'),(6,'date'),(7,'number'),(8,'email');
/*!40000 ALTER TABLE `object_field_type` ENABLE KEYS */;
UNLOCK TABLES;

--
-- Table structure for table `objects_model`
--

DROP TABLE IF EXISTS `objects_model`;
/*!40101 SET @saved_cs_client     = @@character_set_client */;
/*!40101 SET character_set_client = utf8 */;
CREATE TABLE `objects_model` (
  `id` int(10) unsigned NOT NULL AUTO_INCREMENT,
  `name` varchar(255) COLLATE utf8_unicode_ci NOT NULL,
  `tablename` varchar(255) COLLATE utf8_unicode_ci NOT NULL,
  `fieldname` varchar(255) COLLATE utf8_unicode_ci NOT NULL,
  `label` varchar(255) COLLATE utf8_unicode_ci NOT NULL,
  `icon` varchar(255) COLLATE utf8_unicode_ci NOT NULL DEFAULT 'extension',
  `objsequence` int(10) NOT NULL,
  PRIMARY KEY (`id`),
  UNIQUE KEY `objects_model_name_unique` (`name`),
  KEY `objsequence` (`objsequence`)
) ENGINE=InnoDB AUTO_INCREMENT=12 DEFAULT CHARSET=utf8 COLLATE=utf8_unicode_ci;
/*!40101 SET character_set_client = @saved_cs_client */;

--
-- Dumping data for table `objects_model`
--

LOCK TABLES `objects_model` WRITE;
/*!40000 ALTER TABLE `objects_model` DISABLE KEYS */;
INSERT INTO `objects_model` VALUES (1,'Document','cc_documents','code','Document','description',3),(2,'DocumentTemplate','cc_documenttemplates','name','Doc Template','library_books',2),(3,'DocumentApprove','cc_documentapproves','code','Doc Approve','verified_user',4),(4,'DocumentGenerate','cc_documentgenerate','name','Doc Generate','art_track',1),(5,'Users','users','email','Users','people',6),(6,'Profiles','profiles','profilename','Profiles','extension',100),(7,'Role','roles','name','Role','extension',101),(8,'Item','cc_items','itemname','Item','extension',0),(9,'Expense','cc_expenses','expensename','Expense','extension',0),(10,'Leave','cc_leaves','leavename','Leave','extension',0),(11,'Opportunity','cc_opportunitys','name','Opportunity','extension',0);
/*!40000 ALTER TABLE `objects_model` ENABLE KEYS */;
UNLOCK TABLES;

--
-- Table structure for table `others`
--

DROP TABLE IF EXISTS `others`;
/*!40101 SET @saved_cs_client     = @@character_set_client */;
/*!40101 SET character_set_client = utf8 */;
CREATE TABLE `others` (
  `item_id` int(11) NOT NULL,
  `topic` varchar(255) NOT NULL
) ENGINE=InnoDB DEFAULT CHARSET=utf8;
/*!40101 SET character_set_client = @saved_cs_client */;

--
-- Dumping data for table `others`
--

LOCK TABLES `others` WRITE;
/*!40000 ALTER TABLE `others` DISABLE KEYS */;
/*!40000 ALTER TABLE `others` ENABLE KEYS */;
UNLOCK TABLES;

--
-- Table structure for table `password_resets`
--

DROP TABLE IF EXISTS `password_resets`;
/*!40101 SET @saved_cs_client     = @@character_set_client */;
/*!40101 SET character_set_client = utf8 */;
CREATE TABLE `password_resets` (
  `email` varchar(255) COLLATE utf8_unicode_ci NOT NULL,
  `token` varchar(255) COLLATE utf8_unicode_ci NOT NULL,
  `created_at` timestamp NOT NULL DEFAULT CURRENT_TIMESTAMP ON UPDATE CURRENT_TIMESTAMP,
  KEY `password_resets_email_index` (`email`),
  KEY `password_resets_token_index` (`token`)
) ENGINE=InnoDB DEFAULT CHARSET=utf8 COLLATE=utf8_unicode_ci;
/*!40101 SET character_set_client = @saved_cs_client */;

--
-- Dumping data for table `password_resets`
--

LOCK TABLES `password_resets` WRITE;
/*!40000 ALTER TABLE `password_resets` DISABLE KEYS */;
/*!40000 ALTER TABLE `password_resets` ENABLE KEYS */;
UNLOCK TABLES;

--
-- Table structure for table `permissions`
--

DROP TABLE IF EXISTS `permissions`;
/*!40101 SET @saved_cs_client     = @@character_set_client */;
/*!40101 SET character_set_client = utf8 */;
CREATE TABLE `permissions` (
  `id` int(10) NOT NULL AUTO_INCREMENT,
  `objectid` int(10) NOT NULL,
  `name` varchar(255) COLLATE utf8_unicode_ci NOT NULL,
  `description` text COLLATE utf8_unicode_ci NOT NULL,
  PRIMARY KEY (`id`)
) ENGINE=InnoDB AUTO_INCREMENT=35 DEFAULT CHARSET=utf8 COLLATE=utf8_unicode_ci;
/*!40101 SET character_set_client = @saved_cs_client */;

--
-- Dumping data for table `permissions`
--

LOCK TABLES `permissions` WRITE;
/*!40000 ALTER TABLE `permissions` DISABLE KEYS */;
INSERT INTO `permissions` VALUES (1,4,'view','View Record Object'),(2,4,'edit','Add/Edit Record Object'),(3,4,'delete','Delete Record Object'),(4,2,'view','View Record Object'),(5,2,'edit','Add/Edit Record Object'),(6,2,'delete','Delete Record Object'),(7,1,'view','View Record Object'),(8,1,'edit','Add/Edit Record Object'),(9,1,'delete','Delete Record Object'),(10,3,'view','View Record Object'),(11,3,'edit','Add/Edit Record Object'),(12,3,'delete','Delete Record Object'),(13,8,'view','View Record Item'),(14,8,'edit','Edit Record Object'),(15,8,'delete','delete Record item'),(16,8,'create','create Record Object'),(17,9,'view','view Record Object'),(18,9,'edit','Edit Record Object'),(19,9,'delete','delete Record Object'),(20,9,'create','create Record Object'),(21,10,'view','view Record Object'),(22,10,'create','create Record Object'),(23,5,'view','view user'),(24,5,'edit','edit user'),(25,5,'create','create user'),(26,5,'delete','delete user'),(27,6,'view','view profiles'),(28,6,'edit','edit profiles'),(29,6,'create','create profiles'),(30,6,'delete','delete profiles'),(31,7,'view','view roles'),(32,7,'edit','edit roles'),(33,7,'create','create roles'),(34,7,'delete','delete roles');
/*!40000 ALTER TABLE `permissions` ENABLE KEYS */;
UNLOCK TABLES;

--
-- Table structure for table `profile_object`
--

DROP TABLE IF EXISTS `profile_object`;
/*!40101 SET @saved_cs_client     = @@character_set_client */;
/*!40101 SET character_set_client = utf8 */;
CREATE TABLE `profile_object` (
  `profile_id` int(10) NOT NULL,
  `object_id` int(10) NOT NULL,
  KEY `profile_id` (`profile_id`),
  KEY `object_id` (`object_id`)
) ENGINE=InnoDB DEFAULT CHARSET=utf8 COLLATE=utf8_unicode_ci;
/*!40101 SET character_set_client = @saved_cs_client */;

--
-- Dumping data for table `profile_object`
--

LOCK TABLES `profile_object` WRITE;
/*!40000 ALTER TABLE `profile_object` DISABLE KEYS */;
INSERT INTO `profile_object` VALUES (1,1),(1,2);
/*!40000 ALTER TABLE `profile_object` ENABLE KEYS */;
UNLOCK TABLES;

--
-- Table structure for table `profile_object_field_permission`
--

DROP TABLE IF EXISTS `profile_object_field_permission`;
/*!40101 SET @saved_cs_client     = @@character_set_client */;
/*!40101 SET character_set_client = utf8 */;
CREATE TABLE `profile_object_field_permission` (
  `profile_id` int(10) NOT NULL,
  `object_id` int(10) NOT NULL,
  `field_id` int(10) NOT NULL,
  `type` int(1) NOT NULL DEFAULT '2'
) ENGINE=InnoDB DEFAULT CHARSET=utf8 COLLATE=utf8_unicode_ci;
/*!40101 SET character_set_client = @saved_cs_client */;

--
-- Dumping data for table `profile_object_field_permission`
--

LOCK TABLES `profile_object_field_permission` WRITE;
/*!40000 ALTER TABLE `profile_object_field_permission` DISABLE KEYS */;
/*!40000 ALTER TABLE `profile_object_field_permission` ENABLE KEYS */;
UNLOCK TABLES;

--
-- Table structure for table `profile_object_permission`
--

DROP TABLE IF EXISTS `profile_object_permission`;
/*!40101 SET @saved_cs_client     = @@character_set_client */;
/*!40101 SET character_set_client = utf8 */;
CREATE TABLE `profile_object_permission` (
  `profile_id` int(10) NOT NULL,
  `object_id` int(10) NOT NULL,
  `permission_id` int(10) NOT NULL,
  UNIQUE KEY `profile_id_2` (`profile_id`,`object_id`,`permission_id`),
  KEY `profile_id` (`profile_id`),
  KEY `object_id` (`object_id`),
  KEY `permission_id` (`permission_id`)
) ENGINE=InnoDB DEFAULT CHARSET=utf8 COLLATE=utf8_unicode_ci;
/*!40101 SET character_set_client = @saved_cs_client */;

--
-- Dumping data for table `profile_object_permission`
--

LOCK TABLES `profile_object_permission` WRITE;
/*!40000 ALTER TABLE `profile_object_permission` DISABLE KEYS */;
INSERT INTO `profile_object_permission` VALUES (2,5,23),(2,5,24),(2,5,25),(2,5,26),(2,6,27),(2,6,28),(2,6,29),(2,6,30),(2,7,31),(2,7,32),(2,7,33),(2,7,34),(2,8,13),(2,8,14),(2,8,15),(2,8,16),(2,9,17),(2,9,18),(2,9,19),(2,9,20),(2,10,21),(2,10,22),(3,5,23),(3,5,24),(3,8,13),(3,8,14),(3,8,15),(3,8,16),(3,9,17),(3,9,18),(3,9,20),(3,10,21),(3,10,22),(20,5,23),(20,8,13),(20,8,14),(20,8,15),(20,8,16),(20,9,17),(20,9,20),(20,10,21),(20,10,22);
/*!40000 ALTER TABLE `profile_object_permission` ENABLE KEYS */;
UNLOCK TABLES;

--
-- Table structure for table `profiles`
--

DROP TABLE IF EXISTS `profiles`;
/*!40101 SET @saved_cs_client     = @@character_set_client */;
/*!40101 SET character_set_client = utf8 */;
CREATE TABLE `profiles` (
  `id` int(10) unsigned NOT NULL AUTO_INCREMENT,
  `profilename` varchar(255) COLLATE utf8_unicode_ci NOT NULL,
  `description` text COLLATE utf8_unicode_ci NOT NULL,
  PRIMARY KEY (`id`)
) ENGINE=InnoDB AUTO_INCREMENT=21 DEFAULT CHARSET=utf8 COLLATE=utf8_unicode_ci;
/*!40101 SET character_set_client = @saved_cs_client */;

--
-- Dumping data for table `profiles`
--

LOCK TABLES `profiles` WRITE;
/*!40000 ALTER TABLE `profiles` DISABLE KEYS */;
INSERT INTO `profiles` VALUES (2,'Admin','Admin'),(3,'Supervisor','Supervisor\n'),(20,'Employee','Employee');
/*!40000 ALTER TABLE `profiles` ENABLE KEYS */;
UNLOCK TABLES;

--
-- Table structure for table `roles`
--

DROP TABLE IF EXISTS `roles`;
/*!40101 SET @saved_cs_client     = @@character_set_client */;
/*!40101 SET character_set_client = utf8 */;
CREATE TABLE `roles` (
  `id` int(11) NOT NULL,
  `name` varchar(255) COLLATE utf8_unicode_ci NOT NULL,
  `role_description` text COLLATE utf8_unicode_ci NOT NULL,
  `parent_role` int(11) NOT NULL,
  PRIMARY KEY (`id`)
) ENGINE=InnoDB DEFAULT CHARSET=utf8 COLLATE=utf8_unicode_ci;
/*!40101 SET character_set_client = @saved_cs_client */;

--
-- Dumping data for table `roles`
--

LOCK TABLES `roles` WRITE;
/*!40000 ALTER TABLE `roles` DISABLE KEYS */;
INSERT INTO `roles` VALUES (4,'Admin','System Admininstator',4),(5,'Supervisor','Supervisor is a head of department',4),(19,'Employees','Employees of company',5);
/*!40000 ALTER TABLE `roles` ENABLE KEYS */;
UNLOCK TABLES;

--
-- Table structure for table `service_type`
--

DROP TABLE IF EXISTS `service_type`;
/*!40101 SET @saved_cs_client     = @@character_set_client */;
/*!40101 SET character_set_client = utf8 */;
CREATE TABLE `service_type` (
  `name` varchar(255) DEFAULT NULL,
  `id` int(11) NOT NULL AUTO_INCREMENT,
  PRIMARY KEY (`id`)
) ENGINE=InnoDB DEFAULT CHARSET=utf8;
/*!40101 SET character_set_client = @saved_cs_client */;

--
-- Dumping data for table `service_type`
--

LOCK TABLES `service_type` WRITE;
/*!40000 ALTER TABLE `service_type` DISABLE KEYS */;
/*!40000 ALTER TABLE `service_type` ENABLE KEYS */;
UNLOCK TABLES;

--
-- Table structure for table `services`
--

DROP TABLE IF EXISTS `services`;
/*!40101 SET @saved_cs_client     = @@character_set_client */;
/*!40101 SET character_set_client = utf8 */;
CREATE TABLE `services` (
  `item_id` int(11) NOT NULL,
  `name` varchar(255) NOT NULL,
  `type` int(10) NOT NULL
) ENGINE=InnoDB DEFAULT CHARSET=utf8;
/*!40101 SET character_set_client = @saved_cs_client */;

--
-- Dumping data for table `services`
--

LOCK TABLES `services` WRITE;
/*!40000 ALTER TABLE `services` DISABLE KEYS */;
INSERT INTO `services` VALUES (31,'',0);
/*!40000 ALTER TABLE `services` ENABLE KEYS */;
UNLOCK TABLES;

--
-- Table structure for table `travel_sub_type`
--

DROP TABLE IF EXISTS `travel_sub_type`;
/*!40101 SET @saved_cs_client     = @@character_set_client */;
/*!40101 SET character_set_client = utf8 */;
CREATE TABLE `travel_sub_type` (
  `id` int(11) NOT NULL AUTO_INCREMENT,
  `name` varchar(100) NOT NULL,
  PRIMARY KEY (`id`)
) ENGINE=InnoDB AUTO_INCREMENT=11 DEFAULT CHARSET=utf8;
/*!40101 SET character_set_client = @saved_cs_client */;

--
-- Dumping data for table `travel_sub_type`
--

LOCK TABLES `travel_sub_type` WRITE;
/*!40000 ALTER TABLE `travel_sub_type` DISABLE KEYS */;
INSERT INTO `travel_sub_type` VALUES (1,'BTS'),(2,'MRT'),(3,'BRT'),(4,'AirportLink'),(5,'Taxi'),(6,'Motorcycle Taxi'),(7,'Bus'),(8,'Shuttle Bus'),(9,'Van'),(10,'Air Plane');
/*!40000 ALTER TABLE `travel_sub_type` ENABLE KEYS */;
UNLOCK TABLES;

--
-- Table structure for table `travel_type`
--

DROP TABLE IF EXISTS `travel_type`;
/*!40101 SET @saved_cs_client     = @@character_set_client */;
/*!40101 SET character_set_client = utf8 */;
CREATE TABLE `travel_type` (
  `id` int(11) NOT NULL AUTO_INCREMENT,
  `name` varchar(100) NOT NULL,
  PRIMARY KEY (`id`)
) ENGINE=InnoDB AUTO_INCREMENT=3 DEFAULT CHARSET=utf8;
/*!40101 SET character_set_client = @saved_cs_client */;

--
-- Dumping data for table `travel_type`
--

LOCK TABLES `travel_type` WRITE;
/*!40000 ALTER TABLE `travel_type` DISABLE KEYS */;
INSERT INTO `travel_type` VALUES (1,'Public Transport'),(2,'Private Transport');
/*!40000 ALTER TABLE `travel_type` ENABLE KEYS */;
UNLOCK TABLES;

--
-- Table structure for table `travels`
--

DROP TABLE IF EXISTS `travels`;
/*!40101 SET @saved_cs_client     = @@character_set_client */;
/*!40101 SET character_set_client = utf8 */;
CREATE TABLE `travels` (
  `item_id` int(11) NOT NULL,
  `travel_type` int(10) DEFAULT NULL,
  `travel_sub_type` int(10) DEFAULT NULL,
  `destination` varchar(255) DEFAULT NULL,
  `origination` varchar(255) DEFAULT NULL
) ENGINE=InnoDB DEFAULT CHARSET=utf8;
/*!40101 SET character_set_client = @saved_cs_client */;

--
-- Dumping data for table `travels`
--

LOCK TABLES `travels` WRITE;
/*!40000 ALTER TABLE `travels` DISABLE KEYS */;
INSERT INTO `travels` VALUES (31,0,0,'',''),(31,0,0,'',''),(33,0,0,'',''),(35,0,0,'',''),(43,NULL,NULL,NULL,NULL),(47,NULL,NULL,NULL,NULL),(49,NULL,NULL,NULL,NULL),(51,NULL,NULL,NULL,NULL),(53,NULL,NULL,NULL,NULL),(55,NULL,NULL,NULL,NULL),(57,NULL,NULL,NULL,NULL),(59,NULL,NULL,NULL,NULL),(61,NULL,NULL,NULL,NULL),(104,NULL,NULL,NULL,NULL),(105,NULL,NULL,NULL,NULL),(106,NULL,NULL,NULL,NULL),(107,NULL,NULL,NULL,NULL),(108,NULL,NULL,NULL,NULL),(109,NULL,NULL,NULL,NULL),(186,NULL,NULL,NULL,NULL),(187,NULL,NULL,NULL,NULL),(188,NULL,NULL,NULL,NULL),(189,NULL,NULL,NULL,NULL),(190,NULL,NULL,NULL,NULL),(344,1,1,'1','37'),(421,1,1,'1','37'),(422,1,1,'1','37'),(461,1,1,'1','37'),(502,2,NULL,'asfasf','asfasf'),(503,1,2,'2','18'),(504,1,1,'1','37'),(824,NULL,NULL,NULL,NULL),(825,NULL,NULL,NULL,NULL);
/*!40000 ALTER TABLE `travels` ENABLE KEYS */;
UNLOCK TABLES;

--
-- Table structure for table `user_profile`
--

DROP TABLE IF EXISTS `user_profile`;
/*!40101 SET @saved_cs_client     = @@character_set_client */;
/*!40101 SET character_set_client = utf8 */;
CREATE TABLE `user_profile` (
  `user_id` int(10) NOT NULL,
  `profile_id` int(10) NOT NULL,
  UNIQUE KEY `user_id_2` (`user_id`,`profile_id`),
  KEY `user_id` (`user_id`),
  KEY `profile_id` (`profile_id`)
) ENGINE=InnoDB DEFAULT CHARSET=utf8 COLLATE=utf8_unicode_ci;
/*!40101 SET character_set_client = @saved_cs_client */;

--
-- Dumping data for table `user_profile`
--

LOCK TABLES `user_profile` WRITE;
/*!40000 ALTER TABLE `user_profile` DISABLE KEYS */;
INSERT INTO `user_profile` VALUES (1,20),(9,2),(14,3),(15,20),(16,20),(23,20),(35,3),(657,2),(658,20),(659,2),(660,3),(661,20),(662,20),(663,2);
/*!40000 ALTER TABLE `user_profile` ENABLE KEYS */;
UNLOCK TABLES;

--
-- Table structure for table `user_status`
--

DROP TABLE IF EXISTS `user_status`;
/*!40101 SET @saved_cs_client     = @@character_set_client */;
/*!40101 SET character_set_client = utf8 */;
CREATE TABLE `user_status` (
  `id` int(11) NOT NULL AUTO_INCREMENT,
  `name` varchar(255) NOT NULL,
  PRIMARY KEY (`id`)
) ENGINE=InnoDB AUTO_INCREMENT=3 DEFAULT CHARSET=utf8;
/*!40101 SET character_set_client = @saved_cs_client */;

--
-- Dumping data for table `user_status`
--

LOCK TABLES `user_status` WRITE;
/*!40000 ALTER TABLE `user_status` DISABLE KEYS */;
INSERT INTO `user_status` VALUES (1,'active'),(2,'inactive');
/*!40000 ALTER TABLE `user_status` ENABLE KEYS */;
UNLOCK TABLES;

--
-- Table structure for table `users`
--

DROP TABLE IF EXISTS `users`;
/*!40101 SET @saved_cs_client     = @@character_set_client */;
/*!40101 SET character_set_client = utf8 */;
CREATE TABLE `users` (
  `id` int(10) unsigned NOT NULL,
  `user_name` varchar(255) COLLATE utf8_unicode_ci NOT NULL,
  `email` varchar(255) COLLATE utf8_unicode_ci NOT NULL,
  `password` varchar(60) COLLATE utf8_unicode_ci NOT NULL,
  `confirm_password` varchar(60) COLLATE utf8_unicode_ci NOT NULL,
  `remember_token` varchar(100) COLLATE utf8_unicode_ci DEFAULT NULL,
  `created_at` timestamp NULL DEFAULT NULL,
  `updated_at` timestamp NULL DEFAULT NULL,
  `firstname` varchar(255) COLLATE utf8_unicode_ci NOT NULL,
  `lastname` varchar(255) COLLATE utf8_unicode_ci NOT NULL,
  `role_id` int(11) NOT NULL,
  `supervisor_id` int(11) NOT NULL,
  `status` int(11) NOT NULL,
  PRIMARY KEY (`id`),
  UNIQUE KEY `users_email_unique` (`email`),
  UNIQUE KEY `user_name` (`user_name`)
) ENGINE=InnoDB DEFAULT CHARSET=utf8 COLLATE=utf8_unicode_ci;
/*!40101 SET character_set_client = @saved_cs_client */;

--
-- Dumping data for table `users`
--

LOCK TABLES `users` WRITE;
/*!40000 ALTER TABLE `users` DISABLE KEYS */;
INSERT INTO `users` VALUES (1,'UserAdmin-Dev','erp@mail.com','$2y$10$zrZFgE9KbbyN0iOBvMlFruatr0WZOuEMrl0UTQcUaoO0rEkndcqEO','','boQNvyC7AtzLVifmOG0WXXfwUnhnbdPnaw1PLO7W4Op5JkF7VGqvUgWaoRq7',NULL,'2016-12-16 13:04:46','ERPS','DEMO',19,9,2),(9,'Panit-Develop','panit@crm-c.club','$2y$10$1jzXOjLF9OjNm9ZwSodv/.n60f9wtw7drBk51vzefjgabFUBgJp0G','','fL2JV8IyLzvV13TTmAkGNG2RY3CpufMjRFQQgo38fzdMQqVOgDyrRzckAhYx',NULL,'2016-12-24 07:25:25','Panit','Jaijaroen',4,9,1),(14,'Panit Employee','waitingforthen@gmail.com','$2y$10$u2t80cORxdCrFpk2Pq1Blu5eh7bwJOniF2bkywecvc.DGiG6Qp2fK','','Ruc8K14mxHuUfRbywWF1Z1PtARCIImvhW0chg5fGLvpHSGebgYGZhV803ylg',NULL,'2017-01-10 05:05:48','','',5,9,0),(15,'chanakan@crm-c.club','chanakan@crm-c.club','','',NULL,NULL,NULL,'Pai','PaiPai',19,9,2),(35,'P\'Fha','pFha@pfha.com','','',NULL,NULL,NULL,'nalinee','crm',5,1,1),(657,'Natcha','natcha@crm-c.club','','',NULL,NULL,NULL,'Natcha','Kurupakorn',4,35,1),(658,'Taktiechada','chandasorn@crm-c.club','','','Eyg4P8lzZj0C2KOmoLVnd9Rb8fIWdpJZUzgu274AcGVWQxRTRsz5QPJPgqsW',NULL,NULL,'Chandasorn','Prommayom',19,663,1),(659,'Mojune','Viparat@crm-c.club','','',NULL,NULL,NULL,'Viparat','U-chue',4,657,1),(660,'Nadech','Nadach@test.com','','',NULL,NULL,NULL,'Nadech','Kugimiya',5,35,2),(661,'Earnsis','Tanatcha@test.com','','',NULL,NULL,NULL,'Tanatcha','Earn',19,658,1),(662,'yaya','yaya@test.com','','',NULL,NULL,NULL,'Urassaya','Sperbund',19,660,2),(663,'Min','Mintra@test.com','','',NULL,NULL,NULL,'Mintra','Manee',4,35,1);
/*!40000 ALTER TABLE `users` ENABLE KEYS */;
UNLOCK TABLES;
/*!40103 SET TIME_ZONE=@OLD_TIME_ZONE */;

/*!40101 SET SQL_MODE=@OLD_SQL_MODE */;
/*!40014 SET FOREIGN_KEY_CHECKS=@OLD_FOREIGN_KEY_CHECKS */;
/*!40014 SET UNIQUE_CHECKS=@OLD_UNIQUE_CHECKS */;
/*!40101 SET CHARACTER_SET_CLIENT=@OLD_CHARACTER_SET_CLIENT */;
/*!40101 SET CHARACTER_SET_RESULTS=@OLD_CHARACTER_SET_RESULTS */;
/*!40101 SET COLLATION_CONNECTION=@OLD_COLLATION_CONNECTION */;
/*!40111 SET SQL_NOTES=@OLD_SQL_NOTES */;

-- Dump completed on 2017-02-26 15:31:42
